token,overall,he/him,she/her,they/them,he/they,she/they,multiple,pronoun list
acab,4711,0.164,0.158,0.078,0.048,0.057,0.009,0.515
queer,11466,0.079,0.151,0.11,0.041,0.066,0.009,0.456
trans,10499,0.106,0.199,0.041,0.029,0.039,0.011,0.425
icon,6792,0.147,0.124,0.066,0.038,0.037,0.009,0.422
pan,4836,0.115,0.138,0.054,0.04,0.056,0.01,0.412
adhd,4092,0.115,0.166,0.043,0.023,0.046,0.005,0.398
ffxiv,3457,0.14,0.134,0.044,0.025,0.036,0.008,0.387
ace,3750,0.086,0.157,0.063,0.019,0.047,0.007,0.38
lesbian,4725,0.005,0.23,0.055,0.008,0.071,0.009,0.379
pfp,11429,0.155,0.101,0.046,0.036,0.033,0.005,0.376
autistic,4100,0.114,0.102,0.068,0.031,0.036,0.009,0.361
header,4424,0.114,0.131,0.046,0.032,0.029,0.007,0.359
dni,4349,0.108,0.113,0.054,0.034,0.045,0.004,0.359
leftist,3538,0.174,0.093,0.036,0.026,0.021,0.007,0.357
pansexual,4214,0.094,0.114,0.054,0.027,0.046,0.014,0.348
banner,6700,0.166,0.082,0.039,0.028,0.025,0.006,0.345
binary,4125,0.014,0.015,0.213,0.04,0.045,0.018,0.345
sfw,2984,0.129,0.077,0.048,0.034,0.03,0.01,0.329
minors,8234,0.117,0.09,0.043,0.03,0.029,0.006,0.316
bisexual,6747,0.089,0.138,0.025,0.019,0.035,0.007,0.312
cosplayer,3943,0.05,0.156,0.041,0.018,0.04,0.006,0.31
witch,4108,0.023,0.19,0.032,0.013,0.045,0.004,0.308
furry,7007,0.158,0.05,0.033,0.032,0.021,0.01,0.304
bi,18063,0.102,0.127,0.02,0.018,0.029,0.004,0.301
commissions,6169,0.076,0.113,0.047,0.02,0.038,0.003,0.297
poly,3017,0.088,0.09,0.042,0.028,0.038,0.006,0.292
infj,2926,0.056,0.172,0.018,0.015,0.021,0.002,0.284
blm,40317,0.093,0.137,0.019,0.012,0.019,0.003,0.283
feminist,8701,0.031,0.215,0.011,0.002,0.015,0.003,0.277
ally,6278,0.103,0.162,0.002,0.002,0.003,0.001,0.274
minor,3189,0.077,0.095,0.025,0.024,0.033,0.003,0.257
socialist,3777,0.133,0.066,0.022,0.019,0.012,0.005,0.256
ot7,3170,0.003,0.23,0.007,0.001,0.009,0.001,0.251
illustrator,6646,0.059,0.113,0.029,0.011,0.028,0.003,0.244
blacklivesmatter,20723,0.09,0.118,0.013,0.007,0.012,0.001,0.242
closed,3067,0.054,0.097,0.037,0.018,0.032,0.002,0.241
draw,7089,0.071,0.089,0.03,0.016,0.022,0.005,0.232
pronouns,13732,0.066,0.094,0.035,0.013,0.014,0.009,0.231
librarian,4589,0.032,0.164,0.008,0.002,0.012,0.002,0.219
matter,19203,0.073,0.106,0.014,0.008,0.013,0.003,0.217
y/o,3437,0.078,0.071,0.022,0.017,0.02,0.006,0.214
enjoyer,4995,0.11,0.048,0.017,0.016,0.013,0.002,0.206
28,11973,0.061,0.082,0.026,0.012,0.02,0.003,0.205
trash,4003,0.064,0.085,0.026,0.01,0.017,0.003,0.205
gay,20918,0.122,0.029,0.018,0.02,0.012,0.003,0.204
nsfw,30811,0.09,0.052,0.024,0.017,0.015,0.005,0.202
gender,3824,0.023,0.083,0.047,0.016,0.021,0.01,0.201
fi,7488,0.072,0.081,0.021,0.009,0.014,0.002,0.199
comms,4437,0.058,0.103,0.015,0.009,0.014,0.0,0.199
animator,3253,0.081,0.069,0.022,0.009,0.015,0.004,0.199
dragon,3063,0.086,0.065,0.021,0.012,0.012,0.003,0.199
pic,4031,0.088,0.064,0.021,0.009,0.012,0.003,0.197
romance,3135,0.013,0.167,0.004,0.002,0.01,0.001,0.197
27,14234,0.058,0.076,0.024,0.012,0.022,0.003,0.196
stan,14170,0.054,0.11,0.01,0.008,0.014,0.001,0.196
pls,3381,0.038,0.089,0.028,0.012,0.023,0.002,0.193
disabled,5717,0.033,0.084,0.04,0.012,0.02,0.002,0.192
lgbtq,7963,0.068,0.09,0.014,0.006,0.011,0.002,0.191
phd,17148,0.061,0.108,0.007,0.004,0.008,0.001,0.19
nerd,33545,0.079,0.08,0.011,0.007,0.01,0.002,0.189
26,18012,0.057,0.078,0.021,0.011,0.018,0.003,0.189
theatre,3859,0.057,0.101,0.013,0.005,0.012,0.001,0.189
nerdy,3677,0.075,0.079,0.013,0.008,0.011,0.003,0.189
animation,3187,0.075,0.073,0.013,0.008,0.018,0.002,0.189
kpop,3055,0.019,0.132,0.013,0.004,0.02,0.002,0.189
studying,4853,0.065,0.102,0.01,0.004,0.008,0.0,0.188
switch,4735,0.087,0.046,0.02,0.018,0.015,0.003,0.188
lives,22993,0.063,0.091,0.013,0.007,0.011,0.002,0.187
29,10334,0.06,0.07,0.024,0.013,0.015,0.003,0.185
32,4260,0.063,0.078,0.018,0.008,0.013,0.004,0.184
plants,2730,0.038,0.11,0.016,0.004,0.015,0.0,0.184
cat,23159,0.044,0.108,0.011,0.006,0.012,0.001,0.183
alt,5319,0.081,0.053,0.019,0.012,0.013,0.003,0.181
pok,3683,0.093,0.048,0.012,0.013,0.008,0.001,0.176
pokemon,3506,0.088,0.049,0.015,0.01,0.011,0.003,0.176
weeb,2749,0.075,0.061,0.015,0.008,0.016,0.002,0.176
nintendo,2997,0.104,0.042,0.008,0.008,0.009,0.004,0.174
af,5894,0.041,0.084,0.018,0.01,0.017,0.004,0.173
dev,6676,0.094,0.048,0.012,0.009,0.007,0.002,0.172
organizer,4169,0.065,0.073,0.014,0.006,0.01,0.001,0.17
soft,2791,0.054,0.07,0.015,0.01,0.016,0.004,0.17
comics,7275,0.09,0.046,0.014,0.007,0.011,0.001,0.168
sometimes,27266,0.062,0.063,0.017,0.01,0.013,0.003,0.167
occasionally,5526,0.077,0.06,0.012,0.007,0.009,0.002,0.167
mess,3107,0.04,0.09,0.014,0.007,0.012,0.004,0.167
occasional,7574,0.07,0.065,0.013,0.006,0.009,0.003,0.166
mostly,18897,0.063,0.07,0.011,0.008,0.01,0.002,0.164
tired,6500,0.043,0.078,0.021,0.007,0.012,0.002,0.164
dumb,4610,0.074,0.051,0.014,0.012,0.011,0.002,0.164
prev,3405,0.069,0.08,0.005,0.004,0.006,0.0,0.164
smash,2895,0.113,0.027,0.008,0.01,0.003,0.002,0.163
drawing,3012,0.05,0.068,0.018,0.007,0.014,0.003,0.162
19,27297,0.052,0.066,0.014,0.011,0.017,0.002,0.161
taken,7777,0.063,0.044,0.019,0.017,0.015,0.003,0.161
31,6789,0.057,0.062,0.017,0.008,0.014,0.003,0.161
25,28781,0.046,0.068,0.019,0.01,0.015,0.003,0.16
horror,11200,0.059,0.067,0.014,0.007,0.012,0.002,0.16
black,39097,0.049,0.077,0.012,0.007,0.011,0.002,0.159
cute,6249,0.043,0.08,0.014,0.006,0.013,0.003,0.159
tumblr,2939,0.035,0.081,0.02,0.005,0.014,0.004,0.159
18,63520,0.061,0.049,0.018,0.012,0.013,0.002,0.157
24,32336,0.043,0.069,0.019,0.01,0.014,0.002,0.157
cats,14408,0.033,0.098,0.011,0.003,0.009,0.001,0.156
rep,4749,0.033,0.108,0.006,0.002,0.007,0.0,0.156
idiot,2790,0.073,0.045,0.015,0.011,0.009,0.002,0.156
writer,75970,0.047,0.083,0.01,0.004,0.009,0.001,0.154
21,41170,0.045,0.065,0.016,0.01,0.015,0.002,0.154
23,38968,0.044,0.066,0.017,0.01,0.016,0.002,0.154
prof,7160,0.054,0.091,0.002,0.002,0.004,0.001,0.154
fiction,6159,0.051,0.082,0.009,0.004,0.004,0.001,0.152
sci,6109,0.074,0.061,0.007,0.005,0.006,0.001,0.152
33,3936,0.052,0.061,0.015,0.008,0.012,0.002,0.151
bts,8694,0.004,0.131,0.005,0.001,0.009,0.001,0.15
parent,6014,0.031,0.062,0.034,0.006,0.014,0.003,0.15
punk,4324,0.057,0.049,0.019,0.009,0.012,0.002,0.149
22,42581,0.041,0.065,0.016,0.009,0.015,0.002,0.147
mine,20674,0.057,0.077,0.004,0.002,0.005,0.001,0.147
candidate,9802,0.047,0.084,0.005,0.003,0.007,0.001,0.147
plant,5813,0.036,0.085,0.01,0.005,0.01,0.001,0.147
20,38120,0.044,0.061,0.015,0.01,0.014,0.002,0.146
multi,7825,0.019,0.098,0.011,0.005,0.013,0.001,0.146
opinions,48782,0.06,0.071,0.005,0.002,0.005,0.001,0.144
main,13624,0.066,0.041,0.015,0.008,0.012,0.002,0.144
probably,12112,0.05,0.068,0.009,0.006,0.01,0.001,0.144
atheist,4963,0.067,0.057,0.009,0.004,0.005,0.001,0.144
taylor,4479,0.024,0.105,0.005,0.003,0.006,0.001,0.144
acct,4072,0.032,0.069,0.021,0.007,0.014,0.001,0.144
art,55401,0.043,0.058,0.018,0.009,0.014,0.003,0.143
baker,3429,0.036,0.088,0.006,0.003,0.009,0.001,0.143
vaxxed,2855,0.049,0.075,0.008,0.005,0.005,0.0,0.143
fat,4584,0.036,0.063,0.02,0.006,0.015,0.003,0.142
programmer,3921,0.094,0.031,0.007,0.005,0.004,0.002,0.142
34,3115,0.05,0.054,0.018,0.009,0.008,0.003,0.142
ad,4925,0.068,0.032,0.017,0.014,0.007,0.003,0.141
tea,4567,0.024,0.097,0.007,0.003,0.009,0.001,0.141
chaos,3152,0.031,0.072,0.015,0.008,0.013,0.002,0.141
games,44921,0.077,0.039,0.009,0.006,0.008,0.002,0.14
views,34235,0.051,0.079,0.004,0.002,0.004,0.001,0.14
profile,8910,0.067,0.043,0.013,0.007,0.007,0.002,0.14
rising,3360,0.017,0.087,0.013,0.006,0.018,0.0,0.14
acc,6435,0.029,0.071,0.017,0.009,0.013,0.001,0.139
venmo,4640,0.027,0.071,0.018,0.009,0.011,0.003,0.139
editor,26037,0.049,0.073,0.007,0.003,0.005,0.001,0.137
aspiring,17785,0.058,0.053,0.01,0.008,0.007,0.002,0.137
reader,14738,0.024,0.1,0.004,0.001,0.007,0.001,0.137
freelance,10183,0.043,0.066,0.011,0.007,0.009,0.001,0.137
comic,8040,0.075,0.036,0.011,0.007,0.007,0.001,0.137
vegan,6834,0.037,0.072,0.012,0.004,0.011,0.001,0.137
30,16379,0.04,0.059,0.016,0.007,0.012,0.002,0.136
obsessed,8003,0.03,0.084,0.009,0.004,0.009,0.001,0.136
weird,6545,0.048,0.054,0.015,0.007,0.01,0.002,0.136
employer,4378,0.061,0.063,0.005,0.002,0.003,0.001,0.136
sw,3275,0.065,0.041,0.012,0.009,0.01,0.001,0.136
wolf,3059,0.076,0.03,0.01,0.011,0.005,0.003,0.136
artist,85571,0.038,0.055,0.017,0.008,0.014,0.002,0.134
wars,6666,0.072,0.048,0.005,0.003,0.005,0.001,0.134
previously,6232,0.062,0.064,0.003,0.002,0.003,0.0,0.134
wannabe,5182,0.055,0.057,0.009,0.005,0.006,0.002,0.134
sad,4124,0.038,0.057,0.014,0.007,0.015,0.001,0.133
asian,3129,0.045,0.058,0.009,0.008,0.011,0.002,0.132
pisces,5210,0.016,0.088,0.009,0.004,0.014,0.0,0.131
taurus,4430,0.019,0.083,0.009,0.007,0.014,0.0,0.131
biology,3546,0.05,0.067,0.007,0.003,0.003,0.001,0.131
theater,2867,0.042,0.072,0.006,0.005,0.004,0.001,0.131
maker,10976,0.048,0.056,0.011,0.006,0.008,0.001,0.13
age,8491,0.047,0.049,0.012,0.009,0.009,0.003,0.13
vaccinated,5608,0.04,0.075,0.005,0.004,0.006,0.002,0.13
mon,5270,0.067,0.037,0.008,0.009,0.007,0.001,0.13
harry,3014,0.012,0.101,0.006,0.001,0.009,0.001,0.13
stuff,26995,0.061,0.042,0.01,0.006,0.007,0.002,0.129
geek,16181,0.059,0.059,0.003,0.003,0.004,0.001,0.129
libra,5706,0.018,0.081,0.009,0.005,0.015,0.001,0.129
writing,15141,0.039,0.069,0.008,0.003,0.008,0.001,0.128
boi,2975,0.085,0.008,0.013,0.015,0.004,0.002,0.128
formerly,11553,0.058,0.057,0.005,0.004,0.003,0.001,0.127
casual,3464,0.055,0.045,0.011,0.006,0.008,0.001,0.126
bird,3240,0.035,0.061,0.011,0.006,0.011,0.002,0.126
mod,2927,0.05,0.047,0.009,0.006,0.012,0.002,0.126
lot,16610,0.043,0.059,0.009,0.005,0.008,0.001,0.125
write,13493,0.044,0.059,0.009,0.004,0.007,0.001,0.125
virgo,6938,0.019,0.078,0.009,0.005,0.013,0.001,0.125
lab,4937,0.041,0.075,0.003,0.002,0.004,0.001,0.125
//,37028,0.033,0.061,0.012,0.006,0.011,0.001,0.124
game,30442,0.073,0.03,0.009,0.006,0.005,0.001,0.124
anime,22060,0.051,0.05,0.008,0.004,0.009,0.001,0.124
aries,5189,0.02,0.075,0.008,0.005,0.014,0.001,0.124
storyteller,4656,0.042,0.06,0.007,0.004,0.008,0.0,0.123
screenwriter,2903,0.056,0.054,0.004,0.003,0.005,0.0,0.123
affiliate,16185,0.054,0.045,0.008,0.006,0.009,0.001,0.122
aquarius,4478,0.015,0.078,0.01,0.007,0.011,0.001,0.122
cheese,3138,0.032,0.078,0.004,0.003,0.004,0.001,0.122
birds,2785,0.037,0.06,0.009,0.005,0.01,0.001,0.122
actor,16654,0.062,0.037,0.008,0.007,0.006,0.001,0.121
gen,5055,0.035,0.073,0.005,0.002,0.006,0.0,0.121
character,4861,0.042,0.05,0.012,0.006,0.009,0.002,0.121
fox,3944,0.065,0.026,0.011,0.011,0.006,0.002,0.121
usually,3830,0.049,0.053,0.006,0.006,0.005,0.003,0.121
novel,2897,0.039,0.067,0.004,0.004,0.006,0.001,0.121
lots,4584,0.041,0.058,0.007,0.004,0.008,0.001,0.12
mask,3632,0.031,0.074,0.006,0.002,0.006,0.001,0.12
actually,3617,0.045,0.051,0.009,0.005,0.008,0.002,0.12
likes,14839,0.055,0.04,0.009,0.007,0.006,0.002,0.119
anti,13452,0.049,0.047,0.01,0.006,0.007,0.001,0.119
words,9605,0.036,0.07,0.005,0.002,0.006,0.0,0.119
sorry,4231,0.04,0.052,0.011,0.006,0.008,0.002,0.119
own,96565,0.045,0.063,0.004,0.002,0.004,0.001,0.118
mainly,3794,0.045,0.047,0.01,0.008,0.005,0.003,0.118
open,32012,0.051,0.035,0.012,0.009,0.009,0.001,0.117
rights,15074,0.043,0.056,0.007,0.004,0.006,0.001,0.117
historian,5249,0.04,0.062,0.006,0.003,0.006,0.001,0.117
capricorn,3921,0.018,0.075,0.008,0.004,0.011,0.001,0.117
video,37240,0.063,0.033,0.008,0.005,0.006,0.001,0.116
designer,30213,0.052,0.045,0.008,0.005,0.006,0.001,0.116
currently,16083,0.041,0.054,0.009,0.004,0.007,0.001,0.116
fantasy,11758,0.041,0.055,0.007,0.003,0.008,0.001,0.116
brain,5129,0.033,0.056,0.011,0.007,0.008,0.001,0.116
marvel,4929,0.042,0.061,0.005,0.003,0.004,0.001,0.116
kinda,4382,0.048,0.038,0.011,0.007,0.01,0.002,0.116
slut,2819,0.024,0.048,0.018,0.01,0.015,0.001,0.116
books,22425,0.028,0.076,0.003,0.002,0.005,0.001,0.115
scorpio,6606,0.017,0.07,0.009,0.005,0.013,0.001,0.115
3d,4872,0.056,0.035,0.01,0.007,0.006,0.001,0.115
introvert,3545,0.031,0.069,0.007,0.003,0.004,0.001,0.115
composer,3514,0.069,0.022,0.01,0.007,0.006,0.001,0.115
shy,2792,0.045,0.046,0.009,0.003,0.009,0.003,0.115
scientist,11133,0.047,0.056,0.003,0.002,0.004,0.001,0.114
studies,6638,0.034,0.062,0.008,0.003,0.006,0.0,0.114
magic,5831,0.051,0.047,0.005,0.002,0.006,0.001,0.114
idk,4831,0.034,0.047,0.011,0.008,0.012,0.002,0.114
rp,3851,0.051,0.036,0.008,0.008,0.007,0.004,0.114
non,17689,0.014,0.018,0.053,0.011,0.012,0.005,0.113
ok,6206,0.034,0.045,0.014,0.006,0.011,0.004,0.113
equity,5747,0.023,0.077,0.004,0.002,0.006,0.001,0.113
indie,4325,0.056,0.035,0.007,0.006,0.006,0.002,0.113
heavy,4306,0.036,0.042,0.011,0.007,0.013,0.002,0.112
latina,4072,0.0,0.099,0.001,0.0,0.012,0.0,0.112
reflect,3384,0.047,0.051,0.006,0.003,0.004,0.001,0.112
uw,2740,0.047,0.052,0.005,0.003,0.004,0.0,0.112
student,45835,0.036,0.057,0.006,0.004,0.006,0.001,0.111
poet,8600,0.028,0.057,0.011,0.004,0.01,0.001,0.111
gemini,6167,0.016,0.067,0.009,0.004,0.016,0.0,0.111
streamer,25711,0.048,0.036,0.01,0.006,0.009,0.001,0.11
coffee,19354,0.028,0.068,0.005,0.003,0.005,0.001,0.11
17,13736,0.038,0.046,0.009,0.007,0.009,0.001,0.11
climate,6279,0.04,0.061,0.002,0.001,0.005,0.0,0.11
jokes,5643,0.056,0.041,0.004,0.002,0.005,0.002,0.11
asst,3800,0.036,0.066,0.002,0.001,0.004,0.001,0.11
gamer,46773,0.055,0.038,0.006,0.004,0.006,0.001,0.109
amateur,13033,0.055,0.039,0.007,0.003,0.004,0.001,0.109
progressive,10219,0.052,0.049,0.003,0.002,0.001,0.001,0.109
recovering,4570,0.039,0.059,0.004,0.003,0.004,0.0,0.109
manga,2769,0.05,0.042,0.006,0.004,0.005,0.002,0.109
enthusiast,70295,0.04,0.051,0.007,0.004,0.006,0.001,0.108
lit,2836,0.024,0.072,0.006,0.003,0.003,0.0,0.108
expect,3006,0.051,0.032,0.009,0.006,0.007,0.001,0.107
plays,4384,0.055,0.034,0.006,0.004,0.005,0.002,0.106
guess,3782,0.044,0.035,0.011,0.008,0.005,0.001,0.106
sagittarius,3579,0.017,0.067,0.006,0.004,0.011,0.0,0.106
twitch,44954,0.046,0.038,0.007,0.005,0.007,0.001,0.105
software,18648,0.071,0.023,0.005,0.002,0.003,0.001,0.105
moon,8074,0.015,0.063,0.01,0.004,0.013,0.001,0.105
retweet,7521,0.047,0.035,0.007,0.006,0.008,0.002,0.105
disney,6744,0.033,0.065,0.001,0.002,0.004,0.001,0.105
kinky,3213,0.044,0.024,0.015,0.011,0.008,0.003,0.105
mixed,3178,0.032,0.041,0.014,0.007,0.01,0.001,0.105
critic,2775,0.055,0.037,0.005,0.004,0.003,0.001,0.105
major,10231,0.038,0.04,0.009,0.007,0.009,0.001,0.104
mental,9894,0.023,0.064,0.007,0.003,0.006,0.001,0.104
researcher,8117,0.033,0.06,0.004,0.002,0.005,0.0,0.104
rts,6917,0.042,0.043,0.007,0.005,0.005,0.001,0.104
blocked,5746,0.042,0.038,0.01,0.006,0.006,0.002,0.104
podcasts,3522,0.046,0.043,0.007,0.002,0.005,0.001,0.104
painter,3493,0.038,0.044,0.006,0.003,0.011,0.001,0.104
english,8349,0.033,0.055,0.004,0.003,0.005,0.001,0.103
often,5236,0.044,0.041,0.007,0.003,0.006,0.001,0.103
destiny,3033,0.054,0.029,0.008,0.004,0.007,0.001,0.103
watcher,2981,0.04,0.053,0.002,0.002,0.004,0.001,0.103
definitely,2784,0.039,0.047,0.007,0.005,0.005,0.0,0.103
white,12633,0.033,0.038,0.015,0.006,0.008,0.002,0.102
pop,11846,0.034,0.056,0.005,0.002,0.004,0.001,0.102
horny,6767,0.054,0.02,0.01,0.011,0.006,0.001,0.102
half,6602,0.042,0.044,0.007,0.003,0.006,0.001,0.102
variety,6152,0.042,0.038,0.008,0.004,0.008,0.001,0.102
fur,3068,0.039,0.042,0.008,0.006,0.006,0.001,0.102
justice,17391,0.028,0.06,0.005,0.002,0.005,0.001,0.101
etc,11734,0.039,0.045,0.006,0.004,0.006,0.001,0.101
friendly,10368,0.04,0.037,0.01,0.006,0.006,0.002,0.101
fellow,10214,0.034,0.058,0.004,0.002,0.003,0.0,0.101
leo,8123,0.016,0.061,0.007,0.005,0.012,0.001,0.101
loud,3196,0.028,0.055,0.008,0.004,0.006,0.001,0.101
engaged,2939,0.031,0.04,0.011,0.006,0.011,0.003,0.101
by,123570,0.038,0.037,0.01,0.006,0.007,0.002,0.1
star,14849,0.047,0.041,0.004,0.003,0.004,0.001,0.1
board,11663,0.052,0.041,0.003,0.001,0.002,0.0,0.1
rt,10158,0.035,0.041,0.009,0.005,0.009,0.001,0.1
lady,10099,0.003,0.089,0.001,0.0,0.006,0.0,0.1
math,5989,0.043,0.044,0.004,0.003,0.004,0.002,0.1
human,27472,0.032,0.05,0.007,0.002,0.006,0.001,0.099
bad,17040,0.043,0.038,0.007,0.004,0.005,0.001,0.099
straight,8777,0.072,0.021,0.001,0.003,0.002,0.0,0.099
hell,6526,0.03,0.042,0.01,0.006,0.01,0.001,0.099
podcaster,5574,0.05,0.037,0.004,0.003,0.003,0.001,0.099
psychology,4669,0.026,0.062,0.005,0.002,0.004,0.001,0.099
poetry,4475,0.028,0.052,0.007,0.004,0.007,0.001,0.099
ice,4466,0.029,0.057,0.006,0.001,0.005,0.001,0.099
scholar,4416,0.026,0.055,0.007,0.003,0.008,0.0,0.099
library,3742,0.018,0.066,0.005,0.002,0.006,0.001,0.099
dms,20606,0.043,0.034,0.007,0.007,0.006,0.001,0.098
developer,14653,0.067,0.022,0.004,0.003,0.002,0.0,0.098
discord,10730,0.053,0.021,0.008,0.007,0.007,0.002,0.098
worker,8466,0.03,0.053,0.008,0.002,0.004,0.001,0.098
picture,3213,0.044,0.039,0.006,0.002,0.005,0.002,0.098
voice,12972,0.047,0.03,0.006,0.006,0.006,0.001,0.097
ed,8754,0.025,0.061,0.005,0.001,0.004,0.001,0.097
memes,8185,0.045,0.036,0.006,0.005,0.005,0.001,0.097
language,5028,0.027,0.058,0.003,0.004,0.004,0.001,0.097
neighborhood,4251,0.03,0.044,0.009,0.008,0.007,0.001,0.097
extraordinaire,3007,0.033,0.042,0.01,0.005,0.007,0.0,0.097
immigrant,2916,0.034,0.053,0.003,0.002,0.004,0.001,0.097
dog,35065,0.028,0.059,0.004,0.002,0.003,0.001,0.096
book,23290,0.025,0.06,0.004,0.002,0.005,0.001,0.096
musician,19074,0.05,0.025,0.008,0.006,0.006,0.001,0.096
med,3111,0.03,0.059,0.001,0.001,0.005,0.0,0.096
meme,3102,0.038,0.034,0.01,0.006,0.007,0.0,0.096
fmr,2749,0.048,0.04,0.001,0.004,0.003,0.0,0.096
drinker,3815,0.027,0.062,0.002,0.001,0.003,0.001,0.095
mexican,3656,0.035,0.038,0.009,0.006,0.005,0.002,0.095
admin,3430,0.03,0.041,0.01,0.008,0.005,0.001,0.095
hobby,3311,0.036,0.04,0.007,0.004,0.007,0.002,0.095
okay,2800,0.028,0.045,0.009,0.004,0.005,0.004,0.095
hi,19782,0.025,0.043,0.01,0.005,0.008,0.002,0.094
activist,12232,0.025,0.051,0.008,0.003,0.005,0.002,0.094
posts,5114,0.042,0.03,0.009,0.006,0.005,0.002,0.094
environmental,4568,0.028,0.055,0.005,0.002,0.005,0.0,0.094
audio,4348,0.047,0.028,0.009,0.005,0.006,0.0,0.094
gardener,4291,0.019,0.067,0.002,0.002,0.003,0.001,0.094
stem,3020,0.024,0.058,0.006,0.002,0.004,0.001,0.094
science,30342,0.037,0.048,0.003,0.002,0.003,0.001,0.093
person,24772,0.031,0.042,0.009,0.004,0.006,0.001,0.093
post,16508,0.037,0.034,0.009,0.006,0.006,0.001,0.093
16,12875,0.033,0.035,0.008,0.008,0.007,0.001,0.093
resident,6877,0.038,0.043,0.005,0.002,0.006,0.0,0.093
filmmaker,6192,0.049,0.03,0.005,0.002,0.005,0.0,0.093
type,4884,0.032,0.043,0.006,0.005,0.005,0.002,0.093
represent,3727,0.046,0.038,0.004,0.003,0.002,0.001,0.093
tall,2954,0.038,0.038,0.005,0.004,0.006,0.001,0.093
internet,9897,0.042,0.031,0.007,0.004,0.006,0.001,0.092
interests,5786,0.038,0.039,0.006,0.004,0.005,0.0,0.092
chair,5613,0.039,0.045,0.003,0.002,0.002,0.0,0.092
maybe,5523,0.036,0.033,0.009,0.006,0.006,0.002,0.092
user,4342,0.04,0.036,0.006,0.003,0.006,0.001,0.092
ph,4259,0.029,0.054,0.004,0.001,0.004,0.001,0.092
streams,2862,0.042,0.028,0.008,0.007,0.006,0.0,0.092
bit,6616,0.035,0.04,0.006,0.004,0.006,0.001,0.091
fucking,4997,0.03,0.036,0.008,0.006,0.009,0.001,0.091
gal,3240,0.002,0.078,0.002,0.001,0.007,0.001,0.091
ucla,3186,0.033,0.047,0.002,0.003,0.005,0.001,0.091
very,18368,0.033,0.038,0.008,0.004,0.005,0.001,0.09
read,12604,0.027,0.048,0.006,0.003,0.005,0.001,0.09
addict,11888,0.031,0.048,0.004,0.003,0.004,0.0,0.09
expressed,5674,0.045,0.038,0.002,0.001,0.002,0.002,0.09
pet,4164,0.02,0.055,0.005,0.003,0.006,0.0,0.09
autism,3144,0.031,0.04,0.007,0.004,0.005,0.002,0.09
microsoft,2940,0.061,0.026,0.001,0.001,0.001,0.0,0.09
piece,2883,0.04,0.029,0.007,0.004,0.009,0.001,0.09
dot,2771,0.033,0.045,0.004,0.004,0.003,0.001,0.09
tweets,51579,0.036,0.045,0.003,0.002,0.003,0.001,0.089
film,15891,0.043,0.035,0.003,0.003,0.004,0.0,0.089
space,13523,0.032,0.037,0.008,0.004,0.006,0.001,0.089
stream,11866,0.04,0.029,0.006,0.006,0.007,0.002,0.089
stupid,4879,0.039,0.029,0.008,0.006,0.005,0.001,0.089
professor,18744,0.035,0.047,0.002,0.001,0.002,0.0,0.088
funny,13202,0.034,0.036,0.007,0.004,0.006,0.001,0.088
graphic,11929,0.033,0.039,0.006,0.004,0.005,0.001,0.088
retweets,9064,0.04,0.035,0.004,0.004,0.004,0.001,0.088
fully,3983,0.031,0.044,0.005,0.004,0.004,0.001,0.088
diversity,3216,0.026,0.055,0.002,0.001,0.003,0.001,0.088
advocate,30420,0.024,0.054,0.004,0.002,0.004,0.0,0.087
bitch,12013,0.012,0.052,0.009,0.002,0.01,0.001,0.087
current,10170,0.03,0.04,0.006,0.003,0.006,0.002,0.087
wear,4552,0.023,0.051,0.005,0.002,0.004,0.001,0.087
critical,3810,0.026,0.045,0.004,0.005,0.006,0.001,0.087
ut,3705,0.028,0.048,0.004,0.004,0.004,0.0,0.087
hater,3657,0.033,0.038,0.005,0.005,0.005,0.001,0.087
least,2991,0.03,0.038,0.009,0.003,0.005,0.001,0.087
too,32121,0.03,0.039,0.006,0.003,0.005,0.002,0.086
thoughts,15853,0.031,0.043,0.005,0.003,0.005,0.0,0.086
stories,9363,0.028,0.047,0.004,0.002,0.004,0.001,0.086
associate,9182,0.031,0.05,0.002,0.002,0.002,0.0,0.086
35,3806,0.034,0.034,0.008,0.004,0.005,0.001,0.086
pride,3503,0.026,0.04,0.01,0.002,0.006,0.002,0.086
uc,2812,0.03,0.047,0.002,0.003,0.003,0.0,0.086
please,25864,0.026,0.033,0.012,0.005,0.006,0.002,0.085
policy,11760,0.032,0.046,0.002,0.002,0.002,0.001,0.085
w/,10435,0.032,0.041,0.005,0.003,0.004,0.001,0.085
kid,8643,0.028,0.042,0.005,0.003,0.006,0.001,0.085
kindness,5886,0.016,0.062,0.003,0.001,0.004,0.001,0.085
seattle,5597,0.039,0.035,0.003,0.003,0.002,0.002,0.085
er,2827,0.029,0.049,0.003,0.002,0.001,0.001,0.085
really,15779,0.028,0.039,0.007,0.003,0.006,0.001,0.084
queen,10667,0.008,0.06,0.005,0.002,0.008,0.001,0.084
ur,5505,0.014,0.042,0.01,0.003,0.014,0.001,0.084
crime,4134,0.017,0.055,0.003,0.002,0.006,0.0,0.084
posting,3772,0.037,0.021,0.009,0.006,0.009,0.002,0.084
transplant,2770,0.027,0.05,0.003,0.0,0.004,0.001,0.084
author,46015,0.024,0.049,0.003,0.002,0.004,0.001,0.083
also,41385,0.036,0.032,0.006,0.004,0.005,0.001,0.083
engineer,33815,0.052,0.021,0.003,0.003,0.003,0.001,0.083
many,17055,0.03,0.04,0.006,0.002,0.004,0.001,0.083
fighting,9679,0.043,0.028,0.005,0.004,0.003,0.001,0.083
urban,4435,0.033,0.04,0.006,0.001,0.002,0.0,0.083
housing,3236,0.032,0.04,0.005,0.002,0.004,0.0,0.083
yorker,2991,0.026,0.053,0.001,0.0,0.002,0.0,0.083
violence,2723,0.023,0.051,0.003,0.002,0.003,0.0,0.083
about,85074,0.029,0.04,0.005,0.003,0.004,0.001,0.082
co,41216,0.037,0.035,0.004,0.002,0.004,0.001,0.082
politics,28042,0.039,0.035,0.003,0.002,0.002,0.001,0.082
mama,12453,0.001,0.075,0.001,0.0,0.004,0.001,0.082
night,11721,0.03,0.04,0.004,0.002,0.005,0.001,0.082
adult,10713,0.02,0.044,0.01,0.003,0.005,0.001,0.082
sun,8413,0.013,0.049,0.007,0.003,0.01,0.0,0.082
actress,4633,0.001,0.075,0.001,0.0,0.006,0.0,0.082
mad,3900,0.027,0.038,0.007,0.003,0.005,0.001,0.082
include,2883,0.034,0.036,0.003,0.004,0.003,0.001,0.082
things,68174,0.029,0.039,0.005,0.003,0.004,0.001,0.081
d,29737,0.034,0.033,0.006,0.003,0.005,0.001,0.081
//twitch,18279,0.045,0.02,0.006,0.005,0.004,0.001,0.081
cancer,13258,0.015,0.052,0.004,0.002,0.007,0.0,0.081
dancer,6059,0.017,0.051,0.006,0.002,0.005,0.001,0.081
land,5644,0.026,0.037,0.008,0.003,0.006,0.001,0.081
police,4931,0.031,0.031,0.009,0.003,0.007,0.001,0.081
trades,3786,0.03,0.029,0.01,0.003,0.008,0.001,0.081
midwest,3264,0.03,0.039,0.004,0.002,0.004,0.001,0.081
grad,21109,0.026,0.045,0.003,0.002,0.004,0.001,0.08
design,19783,0.035,0.033,0.004,0.003,0.004,0.001,0.08
senior,13494,0.038,0.037,0.002,0.001,0.002,0.0,0.08
connoisseur,8301,0.035,0.034,0.004,0.002,0.005,0.0,0.08
aficionado,6318,0.037,0.035,0.003,0.001,0.003,0.001,0.08
pizza,5073,0.039,0.032,0.004,0.002,0.003,0.0,0.08
semi,4315,0.033,0.032,0.005,0.003,0.006,0.001,0.08
humans,3660,0.018,0.055,0.003,0.001,0.003,0.0,0.08
eating,3569,0.023,0.047,0.004,0.002,0.003,0.001,0.08
ultimate,3377,0.049,0.023,0.003,0.003,0.001,0.0,0.08
democratic,3343,0.048,0.025,0.003,0.002,0.001,0.001,0.08
study,3293,0.03,0.043,0.003,0.002,0.002,0.0,0.08
cyclist,2864,0.05,0.025,0.001,0.002,0.001,0.0,0.08
are,188972,0.031,0.038,0.004,0.002,0.003,0.001,0.079
mom,92494,0.001,0.072,0.001,0.0,0.004,0.0,0.079
trying,35832,0.031,0.034,0.006,0.003,0.005,0.001,0.079
random,9701,0.031,0.035,0.005,0.003,0.005,0.001,0.079
aka,7006,0.028,0.036,0.006,0.004,0.004,0.001,0.079
tweeting,6356,0.032,0.039,0.002,0.002,0.003,0.001,0.079
block,6280,0.029,0.032,0.008,0.004,0.005,0.001,0.079
bear,5622,0.043,0.022,0.004,0.006,0.003,0.001,0.079
clinical,4636,0.018,0.055,0.002,0.001,0.003,0.0,0.079
press,4406,0.028,0.043,0.003,0.002,0.003,0.0,0.079
princess,4320,0.004,0.062,0.005,0.001,0.006,0.001,0.079
photo,4192,0.032,0.038,0.004,0.003,0.003,0.0,0.079
literature,2862,0.026,0.043,0.004,0.002,0.004,0.001,0.079
host,31800,0.041,0.028,0.004,0.002,0.003,0.0,0.078
dogs,16641,0.019,0.052,0.002,0.001,0.002,0.0,0.078
master,13277,0.04,0.025,0.006,0.004,0.003,0.001,0.078
hot,11856,0.021,0.038,0.007,0.004,0.007,0.001,0.078
computer,8189,0.049,0.018,0.004,0.003,0.003,0.001,0.078
staff,5941,0.034,0.036,0.003,0.002,0.003,0.0,0.078
ba,4457,0.024,0.043,0.003,0.003,0.004,0.001,0.078
journalism,3946,0.027,0.046,0.002,0.001,0.002,0.0,0.078
machine,3198,0.041,0.027,0.004,0.003,0.004,0.0,0.078
other,32935,0.034,0.03,0.005,0.003,0.003,0.001,0.077
much,21406,0.029,0.035,0.006,0.003,0.004,0.001,0.077
fuck,17584,0.027,0.028,0.01,0.005,0.007,0.001,0.077
pretty,12938,0.027,0.033,0.007,0.004,0.005,0.001,0.077
inquiries,10192,0.033,0.026,0.007,0.004,0.006,0.0,0.077
late,5239,0.026,0.039,0.004,0.003,0.004,0.001,0.077
equality,5130,0.025,0.048,0.001,0.001,0.002,0.0,0.077
sub,4871,0.026,0.031,0.008,0.003,0.008,0.001,0.077
progress,4461,0.019,0.044,0.005,0.002,0.005,0.001,0.077
philosophy,3861,0.042,0.021,0.004,0.005,0.004,0.001,0.077
columbia,3381,0.029,0.038,0.003,0.002,0.005,0.0,0.077
lover,97187,0.022,0.046,0.003,0.002,0.003,0.0,0.076
girl,40202,0.004,0.061,0.002,0.001,0.008,0.001,0.076
digital,27662,0.024,0.036,0.006,0.003,0.005,0.001,0.076
little,22583,0.023,0.039,0.006,0.004,0.004,0.001,0.076
reading,11512,0.016,0.051,0.003,0.001,0.003,0.001,0.076
lead,11016,0.04,0.027,0.003,0.002,0.004,0.0,0.076
therapist,5741,0.016,0.048,0.004,0.002,0.005,0.001,0.076
comedian,5717,0.035,0.029,0.005,0.002,0.004,0.0,0.076
taught,3029,0.021,0.035,0.008,0.003,0.008,0.001,0.076
era,2937,0.016,0.048,0.005,0.002,0.004,0.0,0.076
animal,17544,0.016,0.048,0.004,0.002,0.005,0.001,0.075
doing,16620,0.026,0.035,0.006,0.003,0.005,0.001,0.075
kind,15989,0.024,0.04,0.004,0.002,0.004,0.001,0.075
dark,6772,0.025,0.034,0.007,0.003,0.006,0.0,0.075
might,5885,0.03,0.031,0.005,0.004,0.004,0.001,0.075
sr,4466,0.037,0.034,0.001,0.002,0.001,0.0,0.075
sf,4336,0.032,0.034,0.003,0.003,0.003,0.0,0.075
evil,4008,0.025,0.034,0.007,0.004,0.005,0.0,0.075
listening,2938,0.026,0.038,0.003,0.002,0.005,0.001,0.075
worst,2816,0.033,0.028,0.006,0.003,0.005,0.001,0.075
curator,2781,0.031,0.036,0.005,0.0,0.003,0.001,0.075
like,97653,0.028,0.031,0.005,0.003,0.005,0.001,0.074
social,37528,0.023,0.042,0.004,0.002,0.003,0.0,0.074
educator,21954,0.02,0.046,0.004,0.001,0.003,0.0,0.074
talk,20850,0.027,0.033,0.006,0.003,0.005,0.001,0.074
ex,13713,0.035,0.032,0.003,0.002,0.003,0.0,0.074
singer,12167,0.022,0.04,0.004,0.003,0.005,0.001,0.074
level,7518,0.034,0.025,0.005,0.004,0.005,0.001,0.074
dead,6577,0.028,0.028,0.007,0.004,0.005,0.0,0.074
pics,6342,0.029,0.03,0.005,0.004,0.004,0.001,0.074
sea,3971,0.023,0.039,0.006,0.002,0.004,0.0,0.074
defender,3033,0.03,0.037,0.002,0.0,0.004,0.0,0.074
harvard,2854,0.034,0.035,0.001,0.003,0.001,0.0,0.074
tv,22059,0.023,0.044,0.003,0.001,0.002,0.0,0.073
movies,18882,0.039,0.028,0.003,0.001,0.002,0.0,0.073
cool,16154,0.033,0.027,0.005,0.004,0.004,0.002,0.073
liberal,15517,0.025,0.044,0.001,0.001,0.001,0.0,0.073
15,11454,0.028,0.027,0.006,0.006,0.006,0.001,0.073
engineering,9577,0.046,0.021,0.002,0.002,0.002,0.0,0.073
code,8846,0.04,0.022,0.004,0.003,0.005,0.0,0.073
visual,5159,0.025,0.031,0.008,0.004,0.005,0.0,0.073
sound,5084,0.038,0.022,0.007,0.004,0.002,0.0,0.073
idea,3583,0.021,0.036,0.007,0.003,0.004,0.001,0.073
optimist,3409,0.022,0.048,0.001,0.001,0.001,0.0,0.073
unc,3267,0.021,0.046,0.001,0.001,0.003,0.0,0.073
telegram,3086,0.048,0.006,0.01,0.006,0.001,0.001,0.073
stage,2982,0.021,0.041,0.004,0.004,0.003,0.0,0.073
adventurer,2906,0.028,0.039,0.002,0.0,0.003,0.0,0.073
named,2890,0.026,0.034,0.005,0.002,0.005,0.001,0.073
my,426315,0.025,0.036,0.004,0.002,0.004,0.001,0.072
account,79238,0.023,0.034,0.006,0.004,0.005,0.001,0.072
play,31191,0.038,0.021,0.005,0.004,0.004,0.001,0.072
history,21830,0.028,0.036,0.003,0.002,0.002,0.001,0.072
data,15288,0.038,0.027,0.002,0.002,0.003,0.001,0.072
partner,12120,0.03,0.03,0.005,0.003,0.004,0.0,0.072
survivor,11922,0.018,0.044,0.004,0.001,0.004,0.001,0.072
runner,10389,0.027,0.041,0.001,0.002,0.001,0.0,0.072
movie,10295,0.036,0.028,0.003,0.001,0.003,0.0,0.072
lawyer,10056,0.026,0.042,0.001,0.001,0.001,0.0,0.072
hey,9479,0.025,0.027,0.007,0.004,0.006,0.002,0.072
past,9174,0.027,0.039,0.002,0.002,0.002,0.0,0.072
sex,8104,0.023,0.032,0.008,0.004,0.004,0.001,0.072
talking,6074,0.026,0.034,0.006,0.003,0.004,0.001,0.072
pictures,5017,0.029,0.031,0.005,0.002,0.003,0.001,0.072
makeup,4853,0.002,0.054,0.006,0.001,0.007,0.001,0.072
bass,3946,0.04,0.02,0.005,0.003,0.003,0.001,0.072
sexual,3187,0.019,0.036,0.008,0.003,0.004,0.0,0.072
old,43878,0.028,0.028,0.006,0.003,0.004,0.002,0.071
player,30062,0.042,0.018,0.005,0.003,0.003,0.0,0.071
personal,21821,0.025,0.032,0.006,0.003,0.004,0.001,0.071
alumna,14369,0.0,0.068,0.0,0.0,0.003,0.0,0.071
hello,10947,0.025,0.029,0.006,0.003,0.007,0.002,0.071
once,10274,0.029,0.032,0.003,0.003,0.003,0.001,0.071
general,9588,0.033,0.028,0.004,0.002,0.003,0.001,0.071
systems,6449,0.04,0.025,0.002,0.002,0.002,0.0,0.071
figure,4958,0.021,0.036,0.006,0.003,0.004,0.0,0.071
color,4110,0.021,0.037,0.005,0.002,0.005,0.0,0.071
exist,2742,0.023,0.027,0.012,0.001,0.005,0.001,0.071
tweet,23063,0.028,0.031,0.004,0.002,0.003,0.001,0.07
woman,17766,0.003,0.058,0.002,0.0,0.006,0.001,0.07
culture,16791,0.024,0.039,0.002,0.001,0.002,0.001,0.07
left,9831,0.034,0.025,0.005,0.003,0.003,0.0,0.07
//linktr,9683,0.027,0.026,0.006,0.004,0.005,0.001,0.07
under,8921,0.025,0.028,0.008,0.004,0.005,0.001,0.07
whatever,8053,0.028,0.027,0.006,0.002,0.004,0.001,0.07
lol,7845,0.028,0.023,0.006,0.006,0.007,0.001,0.07
doctor,5425,0.026,0.036,0.003,0.002,0.002,0.001,0.07
esports,4369,0.047,0.011,0.005,0.003,0.003,0.001,0.07
addicted,3552,0.027,0.035,0.003,0.001,0.003,0.001,0.07
gmail,51987,0.028,0.026,0.006,0.004,0.005,0.0,0.069
alum,51516,0.024,0.04,0.001,0.001,0.002,0.0,0.069
gaming,18656,0.038,0.02,0.004,0.003,0.003,0.001,0.069
journalist,11693,0.025,0.036,0.004,0.001,0.003,0.0,0.069
playing,10351,0.032,0.025,0.005,0.003,0.004,0.001,0.069
metal,7036,0.04,0.019,0.005,0.003,0.002,0.001,0.069
union,5713,0.033,0.027,0.004,0.002,0.003,0.001,0.069
fish,3195,0.028,0.026,0.006,0.003,0.004,0.001,0.069
cover,3103,0.029,0.029,0.005,0.002,0.003,0.0,0.069
but,90612,0.023,0.032,0.005,0.002,0.004,0.001,0.068
into,27455,0.027,0.028,0.005,0.003,0.004,0.001,0.068
part,18661,0.027,0.029,0.004,0.003,0.004,0.001,0.068
assistant,18304,0.023,0.038,0.002,0.001,0.003,0.0,0.068
something,15593,0.024,0.03,0.005,0.003,0.004,0.001,0.068
may,14186,0.027,0.026,0.005,0.004,0.006,0.001,0.068
ya,11364,0.015,0.045,0.003,0.001,0.004,0.001,0.068
ma,8615,0.019,0.04,0.003,0.002,0.003,0.001,0.068
safe,6438,0.018,0.035,0.006,0.004,0.004,0.001,0.068
death,5639,0.021,0.031,0.008,0.002,0.005,0.0,0.068
dreamer,5277,0.018,0.042,0.003,0.001,0.004,0.0,0.068
turned,5177,0.021,0.039,0.003,0.001,0.003,0.001,0.068
twin,3583,0.017,0.042,0.003,0.002,0.004,0.0,0.068
almost,3512,0.026,0.029,0.003,0.003,0.005,0.001,0.068
sky,3212,0.022,0.032,0.006,0.002,0.006,0.0,0.068
large,3040,0.034,0.025,0.003,0.002,0.003,0.0,0.068
rose,2826,0.017,0.037,0.007,0.001,0.005,0.001,0.068
mouth,2747,0.019,0.039,0.004,0.003,0.004,0.0,0.068
i,544218,0.024,0.029,0.005,0.003,0.004,0.001,0.067
only,70356,0.025,0.024,0.007,0.004,0.005,0.001,0.067
teacher,43338,0.019,0.042,0.002,0.001,0.002,0.0,0.067
health,35166,0.016,0.044,0.003,0.001,0.003,0.0,0.067
member,32452,0.029,0.03,0.003,0.002,0.003,0.0,0.067
cashapp,12792,0.017,0.03,0.008,0.005,0.008,0.001,0.067
nice,10267,0.026,0.03,0.004,0.002,0.004,0.001,0.067
cook,6813,0.028,0.03,0.004,0.001,0.003,0.0,0.067
choice,6707,0.016,0.043,0.003,0.001,0.004,0.0,0.067
takes,6253,0.033,0.025,0.005,0.002,0.002,0.0,0.067
curious,5144,0.027,0.034,0.002,0.001,0.003,0.0,0.067
asu,3690,0.023,0.038,0.002,0.001,0.004,0.0,0.067
front,3132,0.036,0.021,0.004,0.003,0.003,0.0,0.067
tree,3098,0.02,0.036,0.004,0.003,0.003,0.0,0.067
drama,3050,0.015,0.041,0.005,0.002,0.004,0.0,0.067
masters,3041,0.025,0.035,0.003,0.002,0.002,0.001,0.067
420,2771,0.019,0.03,0.006,0.005,0.006,0.0,0.067
songs,2756,0.028,0.027,0.005,0.003,0.004,0.001,0.067
i'm,101699,0.025,0.026,0.006,0.003,0.004,0.001,0.066
director,45359,0.028,0.033,0.002,0.001,0.002,0.0,0.066
creator,41935,0.03,0.023,0.005,0.003,0.005,0.0,0.066
manager,26380,0.027,0.033,0.003,0.001,0.002,0.0,0.066
shit,23488,0.024,0.027,0.007,0.003,0.005,0.001,0.066
local,17843,0.021,0.027,0.008,0.004,0.006,0.001,0.066
hate,14185,0.022,0.032,0.004,0.003,0.004,0.001,0.066
ask,12663,0.023,0.026,0.008,0.004,0.004,0.001,0.066
eat,8674,0.024,0.028,0.006,0.004,0.005,0.0,0.066
teaching,6228,0.021,0.039,0.001,0.001,0.003,0.0,0.066
cooking,5685,0.028,0.032,0.002,0.001,0.002,0.001,0.066
enjoys,4603,0.03,0.026,0.005,0.003,0.002,0.0,0.066
wants,4414,0.028,0.025,0.004,0.004,0.003,0.001,0.066
credit,3673,0.023,0.026,0.006,0.003,0.008,0.001,0.066
chocolate,3495,0.012,0.048,0.002,0.001,0.003,0.0,0.066
feelings,3036,0.014,0.039,0.006,0.003,0.003,0.002,0.066
though,3000,0.026,0.027,0.003,0.003,0.004,0.002,0.066
consumer,2875,0.026,0.032,0.003,0.001,0.003,0.001,0.066
some,35628,0.031,0.023,0.004,0.003,0.003,0.001,0.065
friend,21727,0.023,0.031,0.004,0.003,0.004,0.001,0.065
still,21631,0.022,0.032,0.005,0.002,0.004,0.001,0.065
youtuber,10065,0.033,0.021,0.004,0.003,0.003,0.001,0.065
super,9170,0.029,0.026,0.005,0.002,0.003,0.0,0.065
alone,6198,0.029,0.028,0.003,0.001,0.003,0.001,0.065
contributor,5215,0.03,0.029,0.002,0.002,0.002,0.0,0.065
personality,4703,0.023,0.03,0.004,0.002,0.005,0.001,0.065
biz,4140,0.024,0.032,0.002,0.004,0.002,0.0,0.065
buff,3946,0.036,0.023,0.002,0.002,0.002,0.001,0.065
guitarist,3416,0.045,0.009,0.004,0.004,0.002,0.001,0.065
ocean,3403,0.018,0.039,0.004,0.001,0.004,0.0,0.065
necessarily,2914,0.033,0.028,0.001,0.001,0.001,0.001,0.065
/,85436,0.023,0.026,0.006,0.003,0.005,0.001,0.064
or,77747,0.02,0.022,0.006,0.003,0.004,0.009,0.064
loves,32044,0.023,0.032,0.003,0.002,0.003,0.001,0.064
name,19772,0.023,0.027,0.006,0.003,0.004,0.001,0.064
bio,13592,0.022,0.026,0.006,0.004,0.005,0.001,0.064
reporter,11773,0.019,0.042,0.001,0.001,0.001,0.0,0.064
interested,11467,0.026,0.031,0.002,0.002,0.003,0.001,0.064
dc,10708,0.027,0.031,0.002,0.001,0.002,0.001,0.064
you're,9749,0.026,0.025,0.005,0.003,0.004,0.001,0.064
yes,8680,0.021,0.029,0.006,0.003,0.006,0.001,0.064
comedy,6087,0.029,0.029,0.003,0.001,0.002,0.0,0.064
gonna,5307,0.022,0.029,0.005,0.004,0.004,0.001,0.064
hero,3363,0.035,0.02,0.004,0.002,0.002,0.001,0.064
latino,3174,0.051,0.002,0.003,0.007,0.001,0.0,0.064
sing,3039,0.022,0.031,0.005,0.003,0.003,0.001,0.064
legends,2831,0.034,0.02,0.002,0.004,0.003,0.001,0.064
except,2766,0.029,0.025,0.005,0.001,0.003,0.001,0.064
always,50179,0.022,0.031,0.004,0.002,0.003,0.001,0.063
professional,45338,0.024,0.027,0.004,0.003,0.004,0.0,0.063
call,20686,0.02,0.024,0.009,0.004,0.005,0.001,0.063
house,11814,0.019,0.033,0.005,0.003,0.003,0.0,0.063
wanna,10412,0.022,0.027,0.006,0.003,0.005,0.001,0.063
fire,7829,0.021,0.03,0.004,0.003,0.005,0.001,0.063
does,7594,0.025,0.025,0.005,0.004,0.003,0.001,0.063
i'll,7437,0.024,0.028,0.006,0.001,0.003,0.001,0.063
warrior,6611,0.011,0.044,0.003,0.001,0.004,0.0,0.063
streaming,6506,0.035,0.017,0.004,0.003,0.003,0.001,0.063
via,5856,0.022,0.031,0.005,0.002,0.003,0.0,0.063
sleep,4871,0.022,0.028,0.005,0.002,0.005,0.001,0.063
race,4787,0.02,0.032,0.004,0.003,0.003,0.001,0.063
damn,3912,0.022,0.03,0.004,0.003,0.004,0.001,0.063
horse,3291,0.021,0.029,0.005,0.003,0.004,0.0,0.063
dirty,2768,0.026,0.025,0.005,0.004,0.001,0.001,0.063
at,189352,0.027,0.027,0.003,0.002,0.003,0.0,0.062
content,50651,0.025,0.023,0.005,0.003,0.004,0.001,0.062
tech,33966,0.029,0.025,0.003,0.002,0.002,0.001,0.062
photographer,33377,0.025,0.028,0.004,0.003,0.003,0.0,0.062
learning,20504,0.022,0.031,0.003,0.002,0.003,0.001,0.062
creative,19627,0.022,0.031,0.004,0.002,0.003,0.0,0.062
forever,16889,0.017,0.036,0.004,0.002,0.002,0.001,0.062
avid,15852,0.022,0.033,0.002,0.002,0.002,0.001,0.062
dude,11116,0.048,0.006,0.002,0.004,0.001,0.001,0.062
you’re,9411,0.017,0.032,0.004,0.002,0.004,0.001,0.062
average,9394,0.03,0.02,0.005,0.003,0.003,0.001,0.062
enough,7730,0.025,0.029,0.003,0.002,0.003,0.0,0.062
fine,7002,0.019,0.027,0.005,0.001,0.004,0.006,0.062
did,6129,0.022,0.026,0.006,0.003,0.004,0.001,0.062
google,5696,0.034,0.024,0.001,0.002,0.001,0.001,0.062
photos,5131,0.027,0.025,0.004,0.002,0.003,0.001,0.062
unless,4631,0.024,0.025,0.007,0.003,0.002,0.002,0.062
i’ve,4289,0.019,0.032,0.003,0.003,0.004,0.001,0.062
yr,3637,0.019,0.024,0.006,0.006,0.005,0.002,0.062
higher,3542,0.021,0.034,0.004,0.001,0.002,0.0,0.062
aunt,2986,0.001,0.056,0.001,0.0,0.002,0.001,0.062
engagement,2894,0.017,0.042,0.001,0.0,0.001,0.0,0.062
disease,2809,0.019,0.037,0.002,0.0,0.003,0.0,0.062
io,2784,0.038,0.013,0.004,0.004,0.003,0.0,0.062
i’m,79588,0.018,0.03,0.005,0.003,0.005,0.001,0.061
big,39851,0.026,0.025,0.004,0.002,0.003,0.001,0.061
full,26110,0.02,0.028,0.005,0.003,0.004,0.001,0.061
political,19725,0.029,0.026,0.002,0.002,0.001,0.001,0.061
use,15984,0.021,0.026,0.006,0.002,0.004,0.001,0.061
animals,12699,0.015,0.037,0.003,0.001,0.004,0.001,0.061
tiktok,11032,0.016,0.031,0.006,0.002,0.005,0.0,0.061
side,10112,0.022,0.025,0.005,0.003,0.004,0.001,0.061
product,10075,0.033,0.023,0.001,0.002,0.001,0.0,0.061
story,9908,0.021,0.03,0.004,0.002,0.003,0.001,0.061
ms,7244,0.018,0.037,0.002,0.001,0.003,0.0,0.061
word,6376,0.017,0.035,0.004,0.001,0.004,0.0,0.061
hunter,5800,0.032,0.019,0.005,0.002,0.002,0.001,0.061
vp,5221,0.032,0.027,0.001,0.001,0.001,0.0,0.061
teach,4875,0.024,0.033,0.002,0.001,0.002,0.0,0.061
pre,4294,0.015,0.039,0.002,0.002,0.002,0.001,0.061
means,4022,0.022,0.028,0.004,0.003,0.003,0.001,0.061
usc,3785,0.023,0.032,0.002,0.002,0.003,0.0,0.061
drummer,3394,0.042,0.013,0.004,0.001,0.002,0.0,0.061
public,26240,0.018,0.036,0.002,0.001,0.002,0.0,0.06
making,21534,0.025,0.024,0.004,0.002,0.003,0.001,0.06
boy,20257,0.035,0.013,0.004,0.006,0.001,0.0,0.06
endorsements,10666,0.027,0.028,0.003,0.001,0.002,0.0,0.06
makes,9716,0.023,0.025,0.005,0.003,0.003,0.001,0.06
body,8648,0.018,0.028,0.007,0.002,0.005,0.001,0.06
band,6295,0.03,0.021,0.004,0.001,0.003,0.002,0.06
yet,5974,0.024,0.026,0.004,0.003,0.003,0.001,0.06
guitar,5618,0.04,0.011,0.004,0.003,0.002,0.001,0.06
jack,4653,0.03,0.018,0.007,0.003,0.002,0.0,0.06
yeah,4591,0.024,0.022,0.006,0.003,0.004,0.001,0.06
doesn't,4262,0.022,0.024,0.007,0.003,0.003,0.001,0.06
covid,3661,0.016,0.034,0.004,0.002,0.004,0.0,0.06
seriously,3426,0.027,0.022,0.004,0.003,0.004,0.0,0.06
sarcastic,3399,0.018,0.035,0.003,0.001,0.003,0.001,0.06
positivity,3385,0.023,0.026,0.005,0.002,0.003,0.001,0.06
such,3377,0.028,0.023,0.004,0.002,0.003,0.001,0.06
films,3264,0.032,0.021,0.002,0.002,0.002,0.0,0.06
mid,2984,0.025,0.022,0.006,0.003,0.003,0.001,0.06
not,156721,0.022,0.026,0.004,0.002,0.003,0.001,0.059
make,67373,0.024,0.024,0.005,0.003,0.004,0.001,0.059
former,50334,0.026,0.028,0.002,0.001,0.002,0.0,0.059
insta,22221,0.015,0.031,0.005,0.003,0.005,0.0,0.059
nyc,16885,0.022,0.028,0.004,0.002,0.003,0.0,0.059
myself,14373,0.021,0.028,0.005,0.003,0.003,0.001,0.059
another,9764,0.026,0.023,0.004,0.002,0.003,0.0,0.059
used,7840,0.028,0.024,0.002,0.002,0.003,0.001,0.059
dance,6774,0.014,0.036,0.003,0.002,0.004,0.001,0.059
volunteer,6239,0.017,0.038,0.002,0.001,0.001,0.0,0.059
thinking,6144,0.02,0.03,0.004,0.002,0.003,0.0,0.059
academic,5054,0.015,0.034,0.004,0.002,0.003,0.0,0.059
bs,4967,0.022,0.03,0.002,0.002,0.003,0.0,0.059
impact,4874,0.015,0.032,0.003,0.002,0.006,0.001,0.059
links,4610,0.018,0.026,0.006,0.003,0.005,0.001,0.059
knows,3473,0.022,0.024,0.004,0.003,0.004,0.001,0.059
backup,3446,0.018,0.029,0.002,0.003,0.005,0.001,0.059
counselor,3390,0.011,0.041,0.002,0.001,0.003,0.0,0.059
follows,3128,0.028,0.02,0.004,0.002,0.003,0.002,0.059
isn't,3020,0.02,0.029,0.005,0.003,0.002,0.0,0.059
treat,2875,0.009,0.041,0.002,0.001,0.006,0.0,0.059
fan,139928,0.024,0.028,0.002,0.001,0.002,0.0,0.058
here,94875,0.02,0.027,0.004,0.002,0.004,0.001,0.058
pro,30687,0.023,0.027,0.003,0.002,0.003,0.0,0.058
producer,30686,0.026,0.024,0.004,0.002,0.002,0.0,0.058
food,28518,0.021,0.031,0.002,0.001,0.002,0.001,0.058
research,18733,0.021,0.033,0.001,0.001,0.001,0.0,0.058
self,18676,0.02,0.027,0.004,0.002,0.004,0.001,0.058
nature,14502,0.015,0.037,0.002,0.001,0.003,0.001,0.058
male,12798,0.049,0.003,0.001,0.003,0.0,0.001,0.058
web,11729,0.033,0.018,0.003,0.002,0.001,0.0,0.058
arts,11666,0.019,0.029,0.003,0.002,0.004,0.001,0.058
oh,10775,0.023,0.025,0.005,0.002,0.003,0.0,0.058
blogger,10092,0.015,0.038,0.002,0.001,0.002,0.0,0.058
learner,6343,0.013,0.042,0.001,0.0,0.001,0.0,0.058
stars,5565,0.015,0.034,0.004,0.001,0.004,0.0,0.058
alive,4585,0.018,0.031,0.005,0.001,0.003,0.0,0.058
vice,4201,0.024,0.029,0.003,0.0,0.002,0.0,0.058
birth,3331,0.015,0.031,0.003,0.003,0.005,0.001,0.058
doesn’t,3174,0.016,0.032,0.004,0.002,0.003,0.001,0.058
lee,2872,0.012,0.035,0.003,0.002,0.006,0.0,0.058
fav,2770,0.02,0.026,0.004,0.003,0.006,0.0,0.058
music,104043,0.026,0.022,0.003,0.003,0.003,0.0,0.057
do,84197,0.02,0.025,0.005,0.002,0.004,0.001,0.057
don't,41690,0.022,0.023,0.005,0.003,0.003,0.001,0.057
working,28082,0.025,0.025,0.003,0.002,0.002,0.0,0.057
t,24926,0.017,0.027,0.004,0.004,0.004,0.001,0.057
single,21403,0.03,0.017,0.003,0.003,0.003,0.001,0.057
baby,17559,0.012,0.033,0.005,0.002,0.005,0.0,0.057
thing,14377,0.021,0.024,0.005,0.002,0.005,0.001,0.057
these,8721,0.022,0.026,0.003,0.001,0.003,0.0,0.057
coordinator,7752,0.017,0.032,0.003,0.001,0.003,0.0,0.057
works,7120,0.024,0.021,0.005,0.002,0.004,0.002,0.057
could,7061,0.021,0.028,0.002,0.002,0.003,0.0,0.057
known,6274,0.022,0.022,0.006,0.002,0.004,0.0,0.057
winner,6112,0.022,0.028,0.003,0.001,0.003,0.0,0.057
whole,5562,0.017,0.031,0.003,0.002,0.004,0.001,0.057
called,5518,0.026,0.021,0.004,0.002,0.003,0.002,0.057
universe,5023,0.021,0.027,0.003,0.002,0.004,0.001,0.057
sarcasm,4522,0.014,0.04,0.001,0.001,0.001,0.0,0.057
managing,4103,0.019,0.034,0.0,0.001,0.002,0.0,0.057
dem,3813,0.015,0.037,0.002,0.001,0.001,0.0,0.057
goddess,3795,0.003,0.043,0.002,0.001,0.008,0.0,0.057
vers,3742,0.037,0.002,0.008,0.009,0.001,0.0,0.057
advocacy,3699,0.014,0.037,0.002,0.001,0.003,0.0,0.057
religion,3393,0.022,0.026,0.004,0.002,0.003,0.0,0.057
break,3376,0.021,0.025,0.004,0.002,0.004,0.001,0.057
communication,3303,0.015,0.033,0.002,0.002,0.004,0.001,0.057
form,2893,0.02,0.024,0.006,0.003,0.004,0.0,0.057
married,34561,0.019,0.028,0.004,0.002,0.003,0.001,0.056
short,8952,0.019,0.026,0.003,0.002,0.004,0.001,0.056
rn,8661,0.009,0.04,0.003,0.001,0.002,0.0,0.056
series,7339,0.022,0.027,0.002,0.002,0.002,0.0,0.056
yrs,6726,0.016,0.026,0.005,0.002,0.005,0.002,0.056
i’ll,6258,0.018,0.028,0.004,0.002,0.003,0.0,0.056
lil,5931,0.014,0.027,0.006,0.004,0.005,0.0,0.056
penn,4121,0.022,0.03,0.002,0.001,0.002,0.0,0.056
either,3997,0.021,0.021,0.005,0.003,0.004,0.003,0.056
brown,3916,0.02,0.025,0.004,0.003,0.003,0.001,0.056
list,3761,0.02,0.029,0.002,0.002,0.003,0.001,0.056
places,3621,0.021,0.027,0.002,0.002,0.003,0.0,0.056
grown,3401,0.011,0.037,0.004,0.001,0.002,0.0,0.056
ukraine,3152,0.026,0.021,0.004,0.001,0.004,0.0,0.056
summer,3027,0.017,0.029,0.004,0.003,0.003,0.001,0.056
told,2930,0.019,0.029,0.002,0.002,0.004,0.0,0.056
garden,2861,0.015,0.029,0.006,0.001,0.005,0.0,0.056
attention,2860,0.02,0.024,0.005,0.002,0.005,0.0,0.056
philosopher,2737,0.03,0.015,0.006,0.004,0.001,0.0,0.056
just,164254,0.021,0.023,0.004,0.003,0.004,0.001,0.055
no,104037,0.018,0.025,0.005,0.003,0.004,0.001,0.055
good,64844,0.021,0.025,0.003,0.002,0.003,0.001,0.055
podcast,29166,0.028,0.022,0.002,0.001,0.002,0.001,0.055
x,16272,0.018,0.028,0.004,0.002,0.003,0.0,0.055
fanatic,15761,0.026,0.023,0.003,0.002,0.002,0.0,0.055
ass,12898,0.019,0.023,0.006,0.003,0.003,0.0,0.055
feel,12517,0.02,0.023,0.005,0.003,0.003,0.0,0.055
hockey,12473,0.019,0.03,0.002,0.001,0.003,0.0,0.055
else,11309,0.023,0.021,0.005,0.002,0.003,0.001,0.055
attorney,10298,0.021,0.031,0.001,0.0,0.001,0.0,0.055
14,8383,0.023,0.021,0.003,0.003,0.004,0.001,0.055
foodie,7902,0.016,0.034,0.001,0.001,0.003,0.0,0.055
running,7715,0.024,0.025,0.002,0.002,0.002,0.0,0.055
watching,7353,0.018,0.03,0.003,0.002,0.002,0.0,0.055
speak,6485,0.017,0.03,0.003,0.001,0.003,0.001,0.055
early,5447,0.017,0.033,0.002,0.001,0.002,0.0,0.055
pain,5162,0.015,0.026,0.006,0.002,0.005,0.001,0.055
architect,4604,0.037,0.014,0.002,0.001,0.001,0.0,0.055
pm,3191,0.024,0.023,0.003,0.002,0.003,0.001,0.055
and,1018721,0.022,0.023,0.004,0.002,0.003,0.001,0.054
on,255918,0.021,0.023,0.004,0.002,0.003,0.001,0.054
be,151511,0.02,0.024,0.004,0.002,0.003,0.001,0.054
com,123103,0.022,0.022,0.004,0.002,0.003,0.0,0.054
if,73473,0.02,0.022,0.005,0.002,0.004,0.001,0.054
work,41423,0.02,0.025,0.004,0.002,0.003,0.001,0.054
im,23239,0.016,0.02,0.007,0.004,0.006,0.001,0.054
made,21764,0.022,0.022,0.004,0.003,0.003,0.001,0.054
junkie,15603,0.018,0.03,0.002,0.001,0.002,0.0,0.054
would,10972,0.017,0.029,0.003,0.001,0.003,0.001,0.054
should,10059,0.023,0.025,0.002,0.002,0.002,0.001,0.054
tell,9845,0.019,0.026,0.003,0.002,0.003,0.0,0.054
endorsement,8318,0.025,0.024,0.002,0.001,0.002,0.0,0.054
water,8234,0.019,0.026,0.003,0.002,0.003,0.001,0.054
fight,7794,0.019,0.026,0.004,0.002,0.003,0.001,0.054
communications,7489,0.016,0.034,0.001,0.001,0.001,0.0,0.054
va,6583,0.021,0.023,0.003,0.002,0.005,0.0,0.054
female,6526,0.004,0.044,0.001,0.0,0.003,0.002,0.054
production,6269,0.024,0.021,0.004,0.002,0.003,0.0,0.054
i've,6177,0.021,0.023,0.004,0.002,0.003,0.0,0.054
shows,6160,0.017,0.031,0.002,0.001,0.003,0.0,0.054
instructor,5916,0.02,0.028,0.002,0.001,0.002,0.001,0.054
especially,5182,0.021,0.025,0.003,0.002,0.002,0.001,0.054
published,4585,0.018,0.027,0.003,0.0,0.004,0.001,0.054
somewhere,4474,0.017,0.029,0.003,0.001,0.003,0.0,0.054
waiting,3883,0.016,0.031,0.003,0.003,0.002,0.0,0.054
yt,3786,0.026,0.02,0.004,0.002,0.001,0.001,0.054
gets,3671,0.02,0.026,0.003,0.002,0.002,0.001,0.054
apex,3581,0.028,0.012,0.005,0.004,0.004,0.001,0.054
cold,3509,0.017,0.029,0.003,0.002,0.003,0.001,0.054
http,146887,0.024,0.019,0.004,0.002,0.003,0.001,0.053
this,83434,0.018,0.024,0.004,0.002,0.003,0.001,0.053
time,81411,0.02,0.024,0.004,0.002,0.003,0.001,0.053
so,51354,0.018,0.025,0.004,0.002,0.003,0.001,0.053
dm,45987,0.023,0.017,0.005,0.003,0.004,0.001,0.053
media,34070,0.019,0.026,0.003,0.002,0.003,0.0,0.053
future,27625,0.019,0.026,0.003,0.002,0.003,0.001,0.053
year,23722,0.021,0.021,0.005,0.003,0.003,0.001,0.053
//t,23643,0.026,0.019,0.003,0.002,0.002,0.0,0.053
think,18080,0.018,0.024,0.004,0.002,0.004,0.0,0.053
law,17841,0.021,0.029,0.001,0.001,0.002,0.0,0.053
certified,17758,0.017,0.024,0.003,0.003,0.003,0.0,0.053
contact,13739,0.022,0.017,0.006,0.003,0.004,0.001,0.053
child,11829,0.012,0.033,0.003,0.001,0.003,0.001,0.053
even,11186,0.019,0.025,0.003,0.002,0.003,0.001,0.053
times,10334,0.024,0.022,0.003,0.002,0.002,0.0,0.053
texan,6169,0.015,0.033,0.003,0.001,0.001,0.0,0.053
mean,6022,0.017,0.026,0.005,0.0,0.004,0.001,0.053
found,5683,0.019,0.026,0.003,0.001,0.004,0.0,0.053
inside,4402,0.018,0.027,0.002,0.003,0.003,0.0,0.053
joy,4352,0.014,0.032,0.003,0.0,0.003,0.001,0.053
blood,4273,0.018,0.026,0.004,0.002,0.002,0.001,0.053
technical,4110,0.031,0.017,0.002,0.001,0.002,0.0,0.053
yoga,4066,0.008,0.042,0.001,0.0,0.002,0.0,0.053
dm's,4066,0.027,0.016,0.004,0.004,0.002,0.0,0.053
99,2992,0.015,0.03,0.003,0.003,0.003,0.0,0.053
dad,61486,0.046,0.002,0.001,0.002,0.0,0.0,0.052
being,26148,0.019,0.024,0.004,0.002,0.003,0.001,0.052
b,22625,0.017,0.024,0.005,0.002,0.004,0.0,0.052
say,19566,0.02,0.023,0.004,0.001,0.003,0.001,0.052
collector,15245,0.022,0.022,0.004,0.002,0.003,0.0,0.052
try,10535,0.025,0.018,0.003,0.002,0.003,0.001,0.052
lost,9675,0.019,0.024,0.003,0.002,0.003,0.0,0.052
yo,9265,0.02,0.019,0.006,0.003,0.003,0.001,0.052
healthcare,8571,0.017,0.03,0.002,0.001,0.002,0.0,0.052
send,8152,0.018,0.024,0.004,0.003,0.003,0.001,0.052
philly,7069,0.02,0.026,0.002,0.001,0.002,0.001,0.052
drink,5691,0.017,0.026,0.004,0.002,0.002,0.001,0.052
builder,5059,0.027,0.02,0.002,0.001,0.002,0.0,0.052
planet,4957,0.018,0.029,0.002,0.0,0.002,0.001,0.052
environment,4853,0.02,0.026,0.002,0.001,0.002,0.0,0.052
seen,4834,0.022,0.021,0.003,0.002,0.003,0.001,0.052
protect,4772,0.016,0.027,0.003,0.002,0.004,0.001,0.052
card,4725,0.029,0.015,0.002,0.002,0.003,0.0,0.052
rich,4561,0.016,0.022,0.006,0.003,0.005,0.0,0.052
degree,4117,0.021,0.024,0.002,0.001,0.003,0.0,0.052
secret,3953,0.02,0.026,0.003,0.001,0.002,0.0,0.052
there's,3544,0.02,0.021,0.005,0.002,0.002,0.001,0.052
captain,3357,0.027,0.017,0.003,0.002,0.003,0.0,0.052
vintage,3315,0.016,0.028,0.003,0.002,0.003,0.001,0.052
hiking,3181,0.017,0.03,0.001,0.002,0.002,0.0,0.052
already,3003,0.016,0.023,0.004,0.004,0.004,0.001,0.052
stl,2796,0.021,0.025,0.001,0.002,0.003,0.0,0.052
of,776495,0.02,0.024,0.003,0.002,0.002,0.0,0.051
who,87740,0.02,0.022,0.004,0.002,0.003,0.001,0.051
friends,27575,0.02,0.022,0.004,0.003,0.003,0.001,0.051
heart,24055,0.015,0.029,0.003,0.001,0.003,0.0,0.051
off,17955,0.019,0.021,0.005,0.002,0.003,0.001,0.051
stop,12000,0.017,0.023,0.004,0.003,0.004,0.001,0.051
run,10620,0.022,0.02,0.004,0.002,0.002,0.001,0.051
huge,9879,0.024,0.018,0.004,0.002,0.003,0.001,0.051
both,8084,0.019,0.023,0.004,0.001,0.003,0.001,0.051
porn,7175,0.027,0.013,0.004,0.004,0.003,0.001,0.051
away,6958,0.017,0.024,0.003,0.002,0.004,0.001,0.051
pc,6729,0.027,0.016,0.003,0.001,0.003,0.0,0.051
tips,6600,0.017,0.026,0.003,0.002,0.003,0.0,0.051
strategist,5994,0.016,0.032,0.002,0.001,0.002,0.0,0.051
chill,5308,0.021,0.021,0.003,0.004,0.003,0.0,0.051
cloud,4863,0.034,0.014,0.002,0.001,0.001,0.0,0.051
marketer,4755,0.012,0.038,0.001,0.0,0.0,0.0,0.051
fighter,4737,0.018,0.027,0.002,0.001,0.001,0.0,0.051
far,4622,0.022,0.021,0.003,0.001,0.003,0.0,0.051
biggest,4112,0.02,0.024,0.003,0.001,0.002,0.0,0.051
exploring,4083,0.024,0.021,0.002,0.001,0.001,0.001,0.051
equal,4076,0.016,0.032,0.002,0.0,0.001,0.0,0.051
hands,3997,0.016,0.024,0.004,0.002,0.004,0.0,0.051
everywhere,3959,0.018,0.025,0.005,0.001,0.002,0.0,0.051
spread,3947,0.017,0.025,0.004,0.003,0.003,0.0,0.051
wa,3376,0.017,0.025,0.003,0.002,0.003,0.001,0.051
practitioner,3175,0.015,0.028,0.003,0.0,0.004,0.001,0.051
explorer,2908,0.018,0.027,0.002,0.001,0.002,0.001,0.051
me,218597,0.017,0.022,0.005,0.002,0.004,0.001,0.05
now,58773,0.02,0.023,0.003,0.002,0.003,0.001,0.05
native,20499,0.018,0.029,0.002,0.001,0.001,0.0,0.05
2022,19581,0.016,0.027,0.003,0.002,0.003,0.0,0.05
wrestling,15011,0.031,0.013,0.002,0.002,0.002,0.0,0.05
democrat,14404,0.021,0.027,0.0,0.001,0.0,0.0,0.05
org,10063,0.022,0.025,0.002,0.001,0.001,0.0,0.05
wine,9804,0.012,0.036,0.0,0.0,0.002,0.0,0.05
happily,8923,0.018,0.025,0.002,0.001,0.003,0.001,0.05
reality,7816,0.017,0.028,0.002,0.001,0.001,0.0,0.05
legal,6211,0.017,0.028,0.002,0.001,0.002,0.0,0.05
done,6143,0.021,0.02,0.004,0.003,0.003,0.0,0.05
system,5856,0.017,0.015,0.008,0.005,0.003,0.001,0.05
wrong,5149,0.023,0.02,0.003,0.001,0.003,0.0,0.05
goes,4291,0.016,0.022,0.005,0.002,0.003,0.002,0.05
mn,4229,0.017,0.027,0.002,0.0,0.003,0.001,0.05
resister,4161,0.01,0.04,0.0,0.0,0.0,0.0,0.05
therapy,3614,0.012,0.028,0.004,0.001,0.004,0.0,0.05
normal,3583,0.02,0.019,0.005,0.003,0.001,0.001,0.05
bro,3208,0.023,0.017,0.004,0.002,0.002,0.001,0.05
kill,3200,0.018,0.019,0.005,0.004,0.004,0.0,0.05
technician,2829,0.025,0.014,0.005,0.004,0.002,0.0,0.05
whiskey,2814,0.023,0.024,0.002,0.0,0.001,0.0,0.05
a,673259,0.018,0.022,0.004,0.002,0.003,0.001,0.049
an,88989,0.019,0.022,0.004,0.002,0.003,0.001,0.049
don’t,41479,0.015,0.025,0.004,0.001,0.004,0.0,0.049
around,19959,0.021,0.019,0.003,0.002,0.003,0.0,0.049
favorite,16279,0.017,0.022,0.004,0.002,0.003,0.0,0.049
red,15410,0.018,0.024,0.002,0.002,0.003,0.001,0.049
watch,12993,0.022,0.019,0.003,0.002,0.002,0.0,0.049
award,12768,0.018,0.026,0.002,0.001,0.002,0.0,0.049
graduate,12150,0.019,0.024,0.002,0.002,0.002,0.0,0.049
w,10054,0.013,0.025,0.004,0.002,0.004,0.0,0.049
that's,8370,0.022,0.018,0.004,0.003,0.002,0.001,0.049
lifelong,7414,0.016,0.03,0.0,0.001,0.001,0.0,0.049
sweet,6877,0.011,0.03,0.003,0.001,0.003,0.0,0.049
hair,6480,0.013,0.028,0.004,0.001,0.003,0.0,0.049
adventure,5821,0.02,0.023,0.003,0.001,0.001,0.001,0.049
active,5798,0.018,0.021,0.004,0.002,0.003,0.0,0.049
studio,4685,0.02,0.022,0.003,0.002,0.003,0.0,0.049
artists,4587,0.02,0.02,0.003,0.002,0.004,0.0,0.049
relationship,4552,0.02,0.018,0.004,0.004,0.002,0.001,0.049
problem,4503,0.02,0.024,0.002,0.001,0.002,0.001,0.049
rescue,3915,0.01,0.034,0.001,0.001,0.001,0.001,0.049
bot,3563,0.02,0.02,0.004,0.002,0.002,0.0,0.049
suck,3034,0.021,0.017,0.005,0.003,0.003,0.001,0.049
architecture,2812,0.025,0.015,0.004,0.003,0.002,0.0,0.049
all,198690,0.017,0.024,0.003,0.001,0.002,0.0,0.048
out,78902,0.017,0.021,0.003,0.002,0.003,0.001,0.048
as,63431,0.019,0.02,0.004,0.002,0.003,0.001,0.048
day,46342,0.018,0.022,0.003,0.001,0.003,0.0,0.048
guy,43375,0.041,0.002,0.001,0.003,0.001,0.0,0.048
know,42778,0.017,0.022,0.004,0.002,0.003,0.001,0.048
it's,22591,0.02,0.02,0.003,0.002,0.003,0.001,0.048
email,20993,0.02,0.018,0.004,0.002,0.003,0.0,0.048
welcome,20067,0.016,0.022,0.004,0.002,0.004,0.0,0.048
going,15533,0.017,0.022,0.004,0.002,0.003,0.001,0.048
resist,14484,0.012,0.034,0.001,0.0,0.001,0.0,0.048
2021,14410,0.016,0.025,0.003,0.002,0.003,0.0,0.048
energy,11573,0.018,0.022,0.003,0.001,0.003,0.001,0.048
end,10953,0.019,0.021,0.003,0.002,0.003,0.0,0.048
put,9220,0.019,0.02,0.003,0.002,0.004,0.0,0.048
listen,8362,0.019,0.021,0.003,0.002,0.003,0.0,0.048
can’t,8181,0.014,0.024,0.004,0.002,0.004,0.0,0.048
each,8178,0.021,0.019,0.003,0.002,0.002,0.0,0.048
getting,7823,0.02,0.022,0.002,0.001,0.003,0.0,0.048
that’s,7427,0.016,0.023,0.003,0.001,0.005,0.0,0.048
less,6836,0.021,0.021,0.002,0.002,0.002,0.0,0.048
anyone,6778,0.022,0.019,0.003,0.002,0.003,0.0,0.048
said,6239,0.019,0.024,0.003,0.001,0.002,0.0,0.048
park,6195,0.02,0.022,0.003,0.001,0.002,0.0,0.048
second,5856,0.015,0.026,0.003,0.002,0.003,0.001,0.048
fall,5313,0.015,0.026,0.003,0.001,0.002,0.0,0.048
austin,5165,0.021,0.021,0.003,0.001,0.001,0.001,0.048
plus,4512,0.015,0.023,0.004,0.001,0.005,0.0,0.048
behind,4216,0.019,0.019,0.004,0.002,0.003,0.001,0.048
what’s,4146,0.012,0.026,0.003,0.002,0.003,0.0,0.048
voteblue,3479,0.011,0.036,0.001,0.0,0.001,0.0,0.048
walking,3360,0.017,0.024,0.003,0.001,0.004,0.0,0.048
rather,3343,0.013,0.031,0.002,0.0,0.001,0.0,0.048
irish,3212,0.024,0.02,0.002,0.001,0.001,0.0,0.048
voter,3123,0.011,0.034,0.002,0.0,0.001,0.0,0.048
women’s,2942,0.004,0.04,0.001,0.0,0.002,0.0,0.048
television,2832,0.017,0.025,0.004,0.0,0.002,0.0,0.048
famous,2752,0.023,0.018,0.003,0.002,0.002,0.0,0.048
in,487510,0.017,0.023,0.003,0.002,0.003,0.0,0.047
army,22211,0.008,0.035,0.002,0.0,0.001,0.0,0.047
it’s,21270,0.014,0.024,0.003,0.002,0.003,0.0,0.047
ever,15324,0.015,0.023,0.003,0.002,0.003,0.001,0.047
place,15140,0.017,0.022,0.003,0.002,0.003,0.0,0.047
beer,14402,0.026,0.018,0.001,0.001,0.001,0.0,0.047
passionate,12807,0.011,0.032,0.001,0.001,0.001,0.0,0.047
next,12602,0.015,0.022,0.004,0.002,0.004,0.0,0.047
2020,12187,0.015,0.026,0.002,0.001,0.002,0.001,0.047
nurse,11170,0.008,0.035,0.002,0.001,0.001,0.0,0.047
middle,9355,0.013,0.03,0.002,0.001,0.002,0.0,0.047
someone,7905,0.02,0.02,0.003,0.001,0.002,0.001,0.047
having,7759,0.018,0.02,0.003,0.002,0.004,0.0,0.047
2019,7729,0.014,0.027,0.002,0.003,0.002,0.0,0.047
green,7687,0.017,0.023,0.003,0.002,0.003,0.0,0.047
pr,7683,0.016,0.027,0.001,0.001,0.001,0.0,0.047
between,7532,0.015,0.025,0.004,0.002,0.002,0.001,0.047
days,7460,0.016,0.023,0.004,0.001,0.002,0.0,0.047
ambassador,6519,0.019,0.025,0.001,0.001,0.002,0.0,0.047
sexy,6437,0.015,0.02,0.005,0.003,0.004,0.0,0.047
strategy,5629,0.021,0.022,0.001,0.001,0.001,0.0,0.047
dr,5487,0.013,0.027,0.002,0.002,0.002,0.0,0.047
were,5318,0.018,0.024,0.003,0.001,0.002,0.0,0.047
interesting,4746,0.023,0.019,0.002,0.001,0.001,0.001,0.047
solo,4661,0.015,0.023,0.003,0.003,0.003,0.0,0.047
wish,4539,0.015,0.025,0.003,0.001,0.003,0.001,0.047
none,4056,0.02,0.019,0.004,0.001,0.001,0.001,0.047
outside,3750,0.016,0.023,0.002,0.001,0.003,0.001,0.047
council,3349,0.025,0.017,0.002,0.001,0.002,0.001,0.047
size,3007,0.015,0.024,0.004,0.001,0.003,0.0,0.047
cultural,2888,0.016,0.023,0.004,0.002,0.002,0.0,0.047
older,2818,0.017,0.022,0.004,0.001,0.003,0.0,0.047
with,213994,0.016,0.022,0.003,0.002,0.003,0.001,0.046
have,83728,0.017,0.021,0.003,0.002,0.003,0.001,0.046
wife,64299,0.003,0.04,0.001,0.0,0.001,0.0,0.046
will,56130,0.018,0.02,0.003,0.002,0.002,0.001,0.046
founder,40485,0.021,0.021,0.002,0.001,0.002,0.0,0.046
was,29262,0.016,0.022,0.003,0.002,0.002,0.0,0.046
than,29080,0.018,0.022,0.003,0.001,0.002,0.0,0.046
support,22952,0.017,0.02,0.004,0.002,0.002,0.001,0.046
check,22345,0.018,0.018,0.004,0.002,0.004,0.001,0.046
small,19240,0.012,0.025,0.003,0.001,0.003,0.0,0.046
anything,17339,0.019,0.019,0.004,0.001,0.002,0.0,0.046
below,13569,0.016,0.021,0.003,0.002,0.004,0.0,0.046
soon,12595,0.018,0.018,0.004,0.002,0.003,0.001,0.046
without,10412,0.014,0.024,0.004,0.001,0.003,0.0,0.046
let's,10233,0.021,0.019,0.002,0.002,0.002,0.001,0.046
chief,10178,0.021,0.023,0.001,0.0,0.001,0.0,0.046
crazy,10022,0.011,0.03,0.001,0.001,0.002,0.001,0.046
vibes,8856,0.015,0.021,0.004,0.002,0.004,0.0,0.046
chef,8300,0.022,0.018,0.003,0.002,0.001,0.0,0.046
humor,7019,0.016,0.026,0.002,0.001,0.002,0.0,0.046
face,6225,0.016,0.021,0.003,0.001,0.004,0.001,0.046
wild,5718,0.015,0.023,0.004,0.001,0.003,0.001,0.046
civil,5687,0.02,0.023,0.002,0.001,0.001,0.0,0.046
island,5036,0.015,0.024,0.003,0.001,0.003,0.0,0.046
craft,5032,0.018,0.023,0.002,0.001,0.002,0.0,0.046
brooklyn,5023,0.015,0.026,0.002,0.002,0.001,0.0,0.046
angel,4843,0.009,0.026,0.006,0.001,0.004,0.001,0.046
net,4526,0.025,0.015,0.002,0.002,0.002,0.0,0.046
planning,4214,0.02,0.022,0.002,0.001,0.001,0.0,0.046
louis,3931,0.009,0.031,0.002,0.0,0.002,0.001,0.046
proudly,3838,0.018,0.021,0.003,0.001,0.003,0.001,0.046
virtual,3192,0.017,0.022,0.002,0.002,0.003,0.0,0.046
oregon,3139,0.016,0.025,0.002,0.001,0.002,0.0,0.046
tour,2989,0.014,0.024,0.003,0.001,0.002,0.001,0.046
for,458809,0.017,0.02,0.003,0.002,0.002,0.0,0.045
how,25153,0.016,0.022,0.003,0.001,0.002,0.0,0.045
there,21536,0.018,0.019,0.003,0.001,0.002,0.001,0.045
happy,19645,0.014,0.024,0.002,0.001,0.003,0.0,0.045
chicago,17631,0.018,0.021,0.003,0.001,0.002,0.0,0.045
well,17267,0.019,0.02,0.002,0.001,0.002,0.0,0.045
women,16643,0.007,0.032,0.002,0.001,0.003,0.001,0.045
everyone,14015,0.017,0.02,0.003,0.002,0.003,0.001,0.045
look,12428,0.016,0.021,0.003,0.002,0.003,0.0,0.045
hope,11858,0.015,0.022,0.003,0.002,0.003,0.001,0.045
project,11029,0.018,0.021,0.002,0.001,0.002,0.0,0.045
before,11006,0.017,0.021,0.003,0.001,0.002,0.0,0.045
training,10920,0.018,0.019,0.002,0.003,0.003,0.001,0.045
why,10916,0.016,0.02,0.003,0.002,0.003,0.001,0.045
shop,10479,0.008,0.027,0.004,0.001,0.004,0.001,0.045
order,10335,0.018,0.022,0.002,0.0,0.001,0.001,0.045
earth,10041,0.013,0.025,0.003,0.002,0.002,0.0,0.045
security,9255,0.03,0.01,0.002,0.001,0.001,0.0,0.045
same,8563,0.016,0.022,0.004,0.002,0.002,0.0,0.045
medicine,7515,0.015,0.027,0.001,0.001,0.001,0.0,0.045
had,6863,0.016,0.022,0.002,0.0,0.003,0.0,0.045
taking,6393,0.015,0.022,0.003,0.002,0.002,0.0,0.045
',6113,0.013,0.025,0.003,0.001,0.002,0.0,0.045
momma,5392,0.001,0.041,0.001,0.001,0.002,0.0,0.045
point,5272,0.015,0.021,0.004,0.002,0.003,0.0,0.045
chat,5188,0.021,0.013,0.005,0.002,0.003,0.001,0.045
coast,4849,0.017,0.023,0.002,0.0,0.002,0.0,0.045
song,4669,0.016,0.022,0.002,0.002,0.003,0.0,0.045
re,4566,0.017,0.022,0.003,0.0,0.002,0.001,0.045
act,4492,0.014,0.025,0.003,0.001,0.002,0.0,0.045
physician,4226,0.015,0.029,0.0,0.001,0.0,0.0,0.045
ol,4018,0.017,0.018,0.004,0.002,0.002,0.001,0.045
boss,3967,0.011,0.025,0.003,0.001,0.005,0.001,0.045
won't,3332,0.016,0.02,0.003,0.003,0.003,0.001,0.045
eye,3140,0.011,0.023,0.004,0.003,0.003,0.001,0.045
problems,3060,0.017,0.021,0.003,0.002,0.002,0.0,0.045
deal,2972,0.02,0.017,0.004,0.001,0.003,0.0,0.045
saint,2823,0.018,0.022,0.002,0.0,0.002,0.0,0.045
https,93385,0.019,0.017,0.004,0.002,0.002,0.001,0.044
one,71266,0.017,0.02,0.002,0.001,0.003,0.0,0.044
more,69839,0.016,0.021,0.003,0.002,0.002,0.001,0.044
want,33901,0.016,0.02,0.003,0.001,0.003,0.001,0.044
way,31231,0.016,0.021,0.003,0.001,0.002,0.001,0.044
based,23432,0.017,0.02,0.003,0.001,0.002,0.001,0.044
two,22892,0.015,0.022,0.003,0.001,0.002,0.001,0.044
l,21672,0.015,0.021,0.003,0.002,0.003,0.0,0.044
them,21202,0.018,0.019,0.003,0.002,0.002,0.0,0.044
stay,19780,0.012,0.024,0.003,0.001,0.003,0.0,0.044
k,14337,0.013,0.025,0.002,0.001,0.003,0.0,0.044
traveler,13475,0.012,0.029,0.001,0.001,0.001,0.0,0.044
specialist,13167,0.014,0.026,0.002,0.001,0.002,0.0,0.044
boston,10012,0.019,0.021,0.002,0.001,0.001,0.0,0.044
can't,9260,0.016,0.021,0.002,0.002,0.002,0.0,0.044
vote,7694,0.012,0.03,0.0,0.0,0.001,0.0,0.044
dont,7520,0.014,0.016,0.006,0.003,0.004,0.001,0.044
blog,7327,0.016,0.021,0.003,0.001,0.003,0.001,0.044
opinion,7319,0.02,0.019,0.002,0.002,0.001,0.0,0.044
until,7154,0.015,0.023,0.002,0.001,0.002,0.0,0.044
using,6410,0.017,0.02,0.003,0.002,0.001,0.0,0.044
id,5629,0.018,0.02,0.002,0.001,0.002,0.0,0.044
md,5543,0.018,0.024,0.001,0.0,0.001,0.0,0.044
psn,5255,0.032,0.006,0.002,0.002,0.001,0.0,0.044
issues,4929,0.014,0.022,0.002,0.002,0.004,0.001,0.044
dm’s,4541,0.022,0.015,0.002,0.003,0.002,0.0,0.044
seeking,4369,0.015,0.023,0.002,0.0,0.003,0.0,0.044
modern,4342,0.016,0.022,0.002,0.002,0.002,0.0,0.044
questions,4206,0.017,0.021,0.003,0.0,0.001,0.0,0.044
fake,3936,0.016,0.019,0.004,0.002,0.003,0.0,0.044
jewelry,3558,0.003,0.032,0.002,0.001,0.006,0.0,0.044
criminal,3535,0.012,0.025,0.003,0.001,0.003,0.0,0.044
patient,3218,0.01,0.029,0.002,0.001,0.002,0.0,0.044
path,3207,0.016,0.021,0.002,0.002,0.002,0.0,0.044
you’ll,3110,0.016,0.022,0.001,0.002,0.003,0.0,0.044
five,2878,0.016,0.023,0.002,0.0,0.002,0.0,0.044
proud,64519,0.015,0.022,0.002,0.001,0.001,0.0,0.043
can,59755,0.015,0.019,0.003,0.002,0.003,0.001,0.043
over,30900,0.014,0.023,0.003,0.001,0.002,0.001,0.043
rock,15459,0.018,0.019,0.003,0.002,0.002,0.0,0.043
because,15276,0.016,0.02,0.003,0.001,0.002,0.001,0.043
photography,14113,0.019,0.019,0.002,0.001,0.002,0.0,0.043
model,13472,0.012,0.02,0.004,0.002,0.004,0.001,0.043
last,8969,0.017,0.02,0.003,0.001,0.002,0.0,0.043
car,8344,0.023,0.012,0.002,0.003,0.002,0.001,0.043
war,6857,0.021,0.015,0.002,0.001,0.002,0.001,0.043
related,5534,0.019,0.019,0.002,0.002,0.002,0.001,0.043
ai,5189,0.024,0.015,0.002,0.001,0.002,0.001,0.043
matters,4936,0.015,0.023,0.002,0.002,0.002,0.0,0.043
possible,4927,0.015,0.021,0.002,0.002,0.002,0.0,0.043
golden,4902,0.014,0.023,0.002,0.002,0.002,0.0,0.043
projects,4846,0.02,0.015,0.003,0.002,0.002,0.0,0.043
na,4472,0.016,0.017,0.004,0.002,0.004,0.0,0.043
nut,4454,0.023,0.016,0.001,0.001,0.001,0.001,0.043
vibe,3830,0.014,0.017,0.004,0.002,0.005,0.001,0.043
mountain,3765,0.018,0.018,0.003,0.002,0.003,0.0,0.043
hill,3710,0.017,0.021,0.002,0.001,0.002,0.0,0.043
hold,3638,0.012,0.022,0.004,0.002,0.002,0.001,0.043
came,3397,0.015,0.021,0.003,0.001,0.002,0.0,0.043
utah,3313,0.024,0.016,0.002,0.001,0.0,0.0,0.043
baltimore,3260,0.017,0.022,0.001,0.001,0.002,0.0,0.043
medium,3117,0.016,0.022,0.002,0.001,0.002,0.0,0.043
ky,3005,0.017,0.02,0.003,0.001,0.002,0.0,0.043
box,2989,0.019,0.017,0.001,0.004,0.001,0.001,0.043
to,618670,0.016,0.02,0.003,0.002,0.002,0.0,0.042
is,337444,0.015,0.019,0.003,0.002,0.003,0.001,0.042
better,31130,0.018,0.019,0.002,0.001,0.002,0.0,0.042
any,22429,0.016,0.016,0.004,0.002,0.003,0.001,0.042
change,16963,0.013,0.024,0.002,0.001,0.002,0.0,0.042
girls,15026,0.009,0.027,0.002,0.001,0.003,0.0,0.042
then,14113,0.015,0.021,0.003,0.001,0.001,0.001,0.042
those,13970,0.017,0.018,0.003,0.001,0.002,0.0,0.042
available,11692,0.016,0.018,0.003,0.001,0.003,0.0,0.042
analyst,10861,0.02,0.018,0.001,0.001,0.001,0.0,0.042
h,9994,0.012,0.02,0.005,0.003,0.003,0.001,0.042
let’s,9772,0.014,0.021,0.002,0.002,0.002,0.0,0.042
light,8862,0.014,0.021,0.002,0.001,0.003,0.0,0.042
//bit,7195,0.02,0.017,0.002,0.001,0.002,0.0,0.042
xbox,6718,0.026,0.012,0.001,0.001,0.001,0.0,0.042
original,6506,0.016,0.017,0.004,0.002,0.002,0.001,0.042
dick,6235,0.02,0.012,0.004,0.003,0.003,0.001,0.042
deep,5747,0.017,0.019,0.002,0.001,0.002,0.0,0.042
//discord,5414,0.022,0.011,0.003,0.003,0.003,0.0,0.042
thought,5243,0.016,0.021,0.003,0.001,0.002,0.0,0.042
remember,5202,0.014,0.02,0.003,0.001,0.003,0.0,0.042
resistance,4441,0.01,0.029,0.002,0.0,0.0,0.0,0.042
thanks,4278,0.013,0.018,0.005,0.002,0.004,0.001,0.042
affairs,3910,0.016,0.023,0.001,0.001,0.001,0.0,0.042
you'll,3768,0.019,0.018,0.002,0.002,0.001,0.0,0.042
finding,3540,0.011,0.023,0.003,0.002,0.003,0.0,0.042
z,3532,0.012,0.022,0.003,0.001,0.002,0.001,0.042
interest,3518,0.02,0.016,0.002,0.0,0.002,0.001,0.042
nursing,3393,0.01,0.03,0.0,0.0,0.001,0.0,0.042
emmy,3386,0.018,0.021,0.001,0.001,0.001,0.0,0.042
skin,3093,0.012,0.023,0.003,0.0,0.004,0.001,0.042
love,194766,0.012,0.022,0.003,0.001,0.002,0.0,0.041
that,124992,0.016,0.018,0.003,0.002,0.002,0.0,0.041
am,84061,0.014,0.018,0.004,0.001,0.003,0.0,0.041
what,65168,0.014,0.02,0.003,0.001,0.003,0.0,0.041
people,64120,0.016,0.02,0.002,0.001,0.002,0.0,0.041
best,53593,0.016,0.018,0.003,0.001,0.002,0.001,0.041
free,45687,0.014,0.018,0.004,0.002,0.003,0.0,0.041
when,32562,0.015,0.019,0.002,0.002,0.002,0.0,0.041
right,22019,0.017,0.019,0.002,0.001,0.001,0.0,0.041
got,20921,0.015,0.018,0.003,0.002,0.003,0.0,0.041
medical,10857,0.013,0.025,0.001,0.001,0.001,0.0,0.041
positive,10759,0.014,0.019,0.003,0.002,0.002,0.0,0.041
again,10251,0.013,0.019,0.003,0.002,0.003,0.001,0.041
daddy,8937,0.026,0.008,0.003,0.001,0.002,0.0,0.041
sister,7965,0.003,0.035,0.001,0.0,0.002,0.0,0.041
line,7176,0.011,0.024,0.003,0.001,0.002,0.0,0.041
citizen,7103,0.016,0.022,0.001,0.001,0.001,0.0,0.041
apple,6554,0.023,0.013,0.001,0.001,0.002,0.0,0.041
bottom,6134,0.023,0.01,0.004,0.003,0.001,0.0,0.041
seeker,5685,0.013,0.025,0.001,0.001,0.001,0.0,0.041
low,5399,0.017,0.018,0.003,0.001,0.001,0.0,0.041
ball,5240,0.017,0.017,0.002,0.001,0.002,0.001,0.041
cause,4959,0.016,0.017,0.002,0.002,0.004,0.0,0.041
adventures,3542,0.013,0.023,0.001,0.0,0.002,0.001,0.041
lucky,3386,0.017,0.017,0.004,0.002,0.002,0.0,0.041
busy,3332,0.012,0.023,0.004,0.002,0.002,0.0,0.041
cyber,3134,0.017,0.017,0.003,0.002,0.003,0.0,0.041
the,833182,0.015,0.018,0.003,0.001,0.002,0.0,0.04
you,231625,0.014,0.019,0.003,0.002,0.002,0.0,0.04
it,139533,0.016,0.018,0.002,0.002,0.002,0.0,0.04
from,102553,0.017,0.017,0.002,0.001,0.002,0.0,0.04
most,28870,0.017,0.017,0.002,0.001,0.002,0.0,0.04
find,25489,0.015,0.019,0.002,0.001,0.003,0.0,0.04
take,24321,0.013,0.02,0.003,0.001,0.002,0.0,0.04
care,22094,0.013,0.022,0.002,0.001,0.002,0.001,0.04
blue,18929,0.016,0.02,0.001,0.002,0.001,0.0,0.04
her,18832,0.004,0.032,0.001,0.0,0.003,0.0,0.04
winning,12259,0.016,0.019,0.002,0.001,0.001,0.0,0.04
coming,11848,0.014,0.019,0.003,0.001,0.002,0.0,0.04
men,11302,0.015,0.018,0.003,0.002,0.002,0.0,0.04
//instagram,11265,0.015,0.019,0.002,0.001,0.003,0.0,0.04
private,8683,0.018,0.012,0.004,0.003,0.003,0.001,0.04
24/7,5939,0.014,0.017,0.004,0.002,0.004,0.0,0.04
sure,5712,0.017,0.016,0.003,0.002,0.002,0.0,0.04
hand,5396,0.014,0.019,0.002,0.002,0.003,0.0,0.04
relations,4566,0.016,0.021,0.001,0.001,0.002,0.0,0.04
facts,4436,0.013,0.023,0.002,0.0,0.001,0.001,0.04
forget,4332,0.015,0.016,0.003,0.001,0.003,0.0,0.04
women's,4189,0.005,0.031,0.002,0.0,0.002,0.0,0.04
catch,4037,0.017,0.015,0.004,0.001,0.003,0.0,0.04
step,3809,0.013,0.022,0.003,0.0,0.003,0.001,0.04
room,3655,0.015,0.019,0.001,0.001,0.002,0.001,0.04
number,3617,0.015,0.017,0.004,0.001,0.004,0.0,0.04
happens,3407,0.016,0.02,0.002,0.001,0.001,0.0,0.04
michael,3319,0.018,0.014,0.004,0.002,0.002,0.0,0.04
living,54462,0.014,0.02,0.002,0.001,0.002,0.0,0.039
years,39440,0.017,0.014,0.003,0.002,0.002,0.001,0.039
college,35215,0.015,0.018,0.002,0.001,0.002,0.0,0.039
looking,31268,0.018,0.014,0.003,0.002,0.002,0.0,0.039
see,28724,0.014,0.018,0.003,0.001,0.002,0.001,0.039
others,16521,0.016,0.018,0.001,0.001,0.002,0.001,0.039
king,13263,0.024,0.007,0.003,0.003,0.001,0.001,0.039
power,12450,0.015,0.018,0.002,0.001,0.002,0.0,0.039
videos,11376,0.022,0.012,0.002,0.001,0.002,0.0,0.039
dj,10329,0.021,0.01,0.004,0.002,0.002,0.001,0.039
v,9714,0.011,0.019,0.004,0.002,0.003,0.0,0.039
after,9695,0.015,0.02,0.002,0.001,0.002,0.001,0.039
party,9627,0.016,0.017,0.002,0.002,0.001,0.0,0.039
save,8135,0.013,0.022,0.002,0.001,0.002,0.0,0.039
league,7882,0.023,0.01,0.002,0.003,0.001,0.0,0.039
con,7407,0.011,0.017,0.005,0.003,0.004,0.0,0.039
leave,6308,0.013,0.019,0.004,0.001,0.003,0.0,0.039
mentor,5414,0.01,0.026,0.001,0.0,0.001,0.0,0.039
beat,4653,0.02,0.012,0.003,0.002,0.002,0.0,0.039
gun,4537,0.013,0.024,0.001,0.0,0.0,0.0,0.039
jazz,4447,0.021,0.013,0.002,0.002,0.0,0.0,0.039
yours,4328,0.017,0.018,0.002,0.001,0.001,0.0,0.039
farmer,4094,0.014,0.02,0.003,0.0,0.002,0.0,0.039
regular,3948,0.016,0.018,0.002,0.001,0.002,0.001,0.039
2015,3825,0.009,0.024,0.002,0.0,0.003,0.0,0.039
tag,3699,0.016,0.016,0.002,0.002,0.003,0.0,0.039
adults,3294,0.012,0.02,0.003,0.002,0.002,0.001,0.039
powered,3285,0.014,0.019,0.003,0.001,0.002,0.001,0.039
up,64994,0.014,0.018,0.002,0.001,0.003,0.0,0.038
man,45876,0.026,0.006,0.002,0.002,0.001,0.001,0.038
mother,40198,0.001,0.034,0.001,0.0,0.002,0.0,0.038
american,39710,0.015,0.018,0.002,0.001,0.001,0.0,0.038
never,36236,0.013,0.018,0.003,0.002,0.002,0.001,0.038
education,23948,0.012,0.023,0.001,0.001,0.002,0.0,0.038
kids,22883,0.01,0.023,0.002,0.001,0.002,0.0,0.038
true,13337,0.01,0.023,0.002,0.001,0.002,0.0,0.038
ca,12488,0.012,0.02,0.002,0.001,0.003,0.0,0.038
executive,10957,0.015,0.021,0.0,0.0,0.001,0.0,0.038
//youtube,8431,0.024,0.009,0.002,0.002,0.001,0.0,0.038
awesome,8268,0.016,0.017,0.001,0.001,0.002,0.0,0.038
democracy,8001,0.017,0.02,0.0,0.001,0.001,0.0,0.038
cars,6583,0.024,0.007,0.003,0.003,0.001,0.0,0.038
50,6527,0.013,0.019,0.003,0.001,0.002,0.001,0.038
jersey,6247,0.012,0.022,0.001,0.001,0.001,0.0,0.038
2018,6186,0.013,0.021,0.002,0.001,0.001,0.0,0.038
society,6169,0.014,0.017,0.003,0.002,0.002,0.0,0.038
few,5582,0.018,0.016,0.001,0.001,0.002,0.0,0.038
thank,5320,0.013,0.017,0.004,0.001,0.003,0.001,0.038
reason,4683,0.016,0.016,0.001,0.001,0.003,0.0,0.038
gang,4461,0.02,0.011,0.003,0.003,0.002,0.0,0.038
what's,4318,0.015,0.015,0.004,0.001,0.002,0.0,0.038
practice,4242,0.014,0.021,0.001,0.001,0.001,0.0,0.038
cannabis,4191,0.01,0.019,0.003,0.001,0.004,0.0,0.038
reviews,3845,0.018,0.016,0.002,0.001,0.001,0.0,0.038
cross,3678,0.009,0.023,0.002,0.0,0.003,0.0,0.038
humanity,3456,0.011,0.023,0.001,0.001,0.002,0.0,0.038
choose,3421,0.007,0.025,0.003,0.0,0.002,0.0,0.038
sign,3399,0.012,0.019,0.002,0.002,0.003,0.0,0.038
uncle,3311,0.032,0.001,0.001,0.003,0.001,0.001,0.038
judge,3291,0.021,0.012,0.002,0.001,0.002,0.001,0.038
your,140063,0.013,0.017,0.003,0.002,0.002,0.0,0.037
get,59935,0.014,0.017,0.002,0.001,0.002,0.0,0.037
community,36254,0.014,0.019,0.002,0.001,0.002,0.0,0.037
since,35835,0.012,0.02,0.001,0.001,0.002,0.0,0.037
everything,32990,0.012,0.018,0.003,0.001,0.002,0.0,0.037
head,26539,0.016,0.015,0.002,0.001,0.001,0.0,0.037
has,25463,0.014,0.016,0.003,0.002,0.002,0.0,0.037
long,25431,0.013,0.019,0.002,0.001,0.002,0.0,0.037
die,16427,0.013,0.017,0.003,0.001,0.002,0.001,0.037
down,16269,0.013,0.017,0.002,0.002,0.002,0.0,0.037
leader,16200,0.015,0.018,0.001,0.001,0.001,0.0,0.037
expert,13345,0.015,0.018,0.002,0.001,0.001,0.0,0.037
soul,12636,0.01,0.021,0.002,0.001,0.002,0.0,0.037
j,10571,0.014,0.016,0.003,0.001,0.003,0.0,0.037
strong,9402,0.009,0.022,0.002,0.001,0.002,0.0,0.037
three,8903,0.012,0.019,0.002,0.001,0.002,0.0,0.037
miss,7902,0.008,0.023,0.001,0.001,0.003,0.001,0.037
40,7518,0.013,0.018,0.002,0.001,0.003,0.001,0.037
amazon,7045,0.019,0.016,0.001,0.0,0.001,0.0,0.037
town,6810,0.012,0.019,0.002,0.001,0.002,0.0,0.037
against,6522,0.014,0.016,0.002,0.002,0.002,0.0,0.037
fc,5753,0.021,0.012,0.002,0.001,0.001,0.0,0.037
action,5581,0.015,0.018,0.002,0.001,0.001,0.0,0.037
mr,4745,0.022,0.012,0.001,0.001,0.001,0.0,0.037
nobody,4637,0.017,0.013,0.003,0.001,0.002,0.001,0.037
pilot,4635,0.023,0.011,0.002,0.001,0.001,0.0,0.037
set,4223,0.011,0.017,0.003,0.002,0.003,0.0,0.037
loved,4125,0.013,0.019,0.001,0.001,0.003,0.0,0.037
servant,3844,0.013,0.021,0.001,0.0,0.002,0.0,0.037
guide,3821,0.013,0.019,0.002,0.001,0.002,0.0,0.037
bar,3794,0.018,0.017,0.001,0.001,0.001,0.0,0.037
week,3469,0.015,0.017,0.002,0.002,0.001,0.0,0.037
2,57663,0.013,0.018,0.002,0.001,0.002,0.0,0.036
go,53530,0.014,0.016,0.002,0.001,0.002,0.0,0.036
u,35331,0.01,0.018,0.003,0.001,0.003,0.0,0.036
every,26713,0.014,0.017,0.002,0.001,0.002,0.0,0.036
c,21145,0.012,0.016,0.004,0.001,0.002,0.0,0.036
nothing,18748,0.013,0.016,0.002,0.001,0.003,0.0,0.036
supporter,13885,0.017,0.016,0.002,0.001,0.001,0.0,0.036
info,11167,0.011,0.015,0.003,0.002,0.003,0.001,0.036
agent,10330,0.011,0.022,0.001,0.001,0.001,0.0,0.036
while,10289,0.014,0.017,0.002,0.001,0.002,0.0,0.036
job,10203,0.015,0.017,0.001,0.001,0.002,0.0,0.036
meet,9868,0.013,0.017,0.002,0.002,0.002,0.001,0.036
stand,9866,0.015,0.016,0.002,0.001,0.002,0.0,0.036
ready,7426,0.011,0.017,0.004,0.002,0.002,0.0,0.036
marine,6833,0.015,0.017,0.001,0.001,0.001,0.001,0.036
covering,5855,0.012,0.021,0.001,0.001,0.001,0.0,0.036
2017,5493,0.012,0.021,0.0,0.001,0.001,0.001,0.036
eyes,5438,0.01,0.019,0.003,0.001,0.003,0.0,0.036
colorado,5072,0.016,0.015,0.002,0.0,0.001,0.001,0.036
pittsburgh,4732,0.015,0.018,0.001,0.001,0.0,0.001,0.036
denver,3950,0.017,0.014,0.003,0.002,0.002,0.0,0.036
hear,3615,0.014,0.015,0.002,0.002,0.003,0.0,0.036
new,83228,0.015,0.016,0.002,0.001,0.001,0.0,0.035
owner,41855,0.013,0.017,0.002,0.001,0.002,0.0,0.035
mind,19702,0.011,0.017,0.002,0.001,0.002,0.001,0.035
dreams,11424,0.011,0.018,0.003,0.001,0.002,0.0,0.035
fashion,11371,0.007,0.022,0.002,0.001,0.002,0.001,0.035
special,10540,0.012,0.019,0.001,0.001,0.001,0.0,0.035
bay,9414,0.015,0.016,0.001,0.002,0.001,0.0,0.035
ohio,9094,0.013,0.019,0.001,0.001,0.001,0.0,0.035
trainer,8610,0.014,0.016,0.002,0.001,0.001,0.0,0.035
youth,7064,0.008,0.021,0.002,0.001,0.002,0.0,0.035
grade,6378,0.009,0.024,0.0,0.0,0.001,0.0,0.035
spirit,6340,0.01,0.016,0.004,0.002,0.003,0.0,0.035
perfect,5680,0.01,0.022,0.001,0.001,0.002,0.0,0.035
com/,5269,0.014,0.017,0.002,0.001,0.001,0.0,0.035
iowa,5218,0.014,0.017,0.001,0.001,0.002,0.0,0.035
fbr,4521,0.011,0.022,0.001,0.0,0.0,0.0,0.035
moment,4396,0.011,0.016,0.002,0.002,0.003,0.0,0.035
album,3846,0.015,0.014,0.002,0.001,0.002,0.0,0.035
paid,3805,0.015,0.016,0.002,0.001,0.002,0.0,0.035
ones,3721,0.014,0.014,0.003,0.002,0.002,0.001,0.035
movement,3691,0.013,0.02,0.002,0.0,0.001,0.0,0.035
mark,3687,0.016,0.015,0.001,0.001,0.001,0.0,0.035
educated,3631,0.007,0.025,0.002,0.001,0.001,0.0,0.035
twitter,79816,0.014,0.014,0.003,0.001,0.002,0.0,0.034
world,76944,0.013,0.017,0.002,0.001,0.001,0.0,0.034
fun,39659,0.015,0.013,0.002,0.001,0.001,0.0,0.034
m,36765,0.013,0.015,0.002,0.001,0.002,0.0,0.034
born,34611,0.014,0.017,0.001,0.001,0.001,0.0,0.034
marketing,26193,0.01,0.022,0.001,0.0,0.001,0.0,0.034
they,26076,0.013,0.015,0.002,0.001,0.002,0.0,0.034
link,23427,0.011,0.015,0.003,0.001,0.004,0.0,0.034
where,21729,0.011,0.017,0.002,0.001,0.002,0.0,0.034
show,18615,0.014,0.014,0.002,0.001,0.002,0.0,0.034
give,16528,0.011,0.017,0.003,0.001,0.002,0.0,0.034
laugh,10905,0.011,0.018,0.002,0.0,0.002,0.0,0.034
songwriter,7701,0.012,0.015,0.003,0.001,0.003,0.0,0.034
alumnus,7404,0.028,0.003,0.0,0.002,0.0,0.0,0.034
em,7023,0.009,0.02,0.002,0.001,0.002,0.0,0.034
which,6699,0.014,0.015,0.001,0.002,0.001,0.0,0.034
smart,6645,0.014,0.017,0.001,0.0,0.001,0.0,0.034
turn,5865,0.013,0.016,0.003,0.001,0.001,0.001,0.034
roll,5538,0.014,0.016,0.001,0.001,0.001,0.0,0.034
spotify,5079,0.018,0.012,0.002,0.001,0.001,0.0,0.034
four,4817,0.014,0.017,0.001,0.0,0.002,0.0,0.034
we’re,4674,0.008,0.019,0.004,0.001,0.001,0.001,0.034
minnesota,4498,0.016,0.016,0.0,0.0,0.001,0.0,0.034
record,4405,0.022,0.006,0.002,0.002,0.001,0.0,0.034
3rd,3900,0.012,0.016,0.002,0.002,0.002,0.0,0.034
1,57607,0.012,0.016,0.002,0.001,0.002,0.0,0.033
youtube,33045,0.018,0.01,0.002,0.001,0.002,0.0,0.033
need,25795,0.011,0.016,0.003,0.001,0.002,0.0,0.033
come,22918,0.012,0.015,0.002,0.001,0.001,0.001,0.033
enjoy,22830,0.016,0.011,0.002,0.001,0.002,0.0,0.033
keep,21255,0.011,0.017,0.002,0.001,0.002,0.0,0.033
raised,20224,0.012,0.019,0.001,0.0,0.001,0.0,0.033
president,18654,0.014,0.017,0.001,0.0,0.001,0.0,0.033
online,16643,0.012,0.015,0.002,0.002,0.002,0.0,0.033
dream,16414,0.009,0.018,0.002,0.001,0.003,0.0,0.033
development,15522,0.015,0.015,0.001,0.001,0.001,0.0,0.033
daughter,13328,0.002,0.03,0.0,0.0,0.001,0.0,0.033
app,13319,0.012,0.014,0.003,0.001,0.002,0.0,0.033
believer,12160,0.009,0.022,0.001,0.0,0.001,0.0,0.033
buy,9324,0.012,0.014,0.002,0.002,0.002,0.0,0.033
est,8917,0.01,0.016,0.002,0.001,0.002,0.0,0.033
add,6283,0.017,0.009,0.003,0.002,0.002,0.001,0.033
az,6038,0.013,0.014,0.002,0.001,0.002,0.0,0.033
worth,5695,0.013,0.014,0.002,0.001,0.002,0.0,0.033
along,5562,0.015,0.012,0.002,0.001,0.002,0.001,0.033
following,5418,0.015,0.012,0.002,0.002,0.002,0.0,0.033
street,5066,0.013,0.015,0.002,0.001,0.002,0.0,0.033
important,4952,0.014,0.015,0.002,0.001,0.001,0.0,0.033
ride,4579,0.014,0.015,0.001,0.001,0.001,0.0,0.033
key,4424,0.014,0.014,0.002,0.001,0.002,0.0,0.033
james,4272,0.015,0.012,0.002,0.002,0.002,0.0,0.033
affiliated,4212,0.014,0.014,0.001,0.001,0.002,0.001,0.033
joe,4051,0.018,0.01,0.002,0.001,0.002,0.001,0.033
magazine,4038,0.012,0.019,0.001,0.0,0.001,0.0,0.033
morning,3969,0.011,0.018,0.001,0.001,0.002,0.0,0.033
buffalo,3866,0.015,0.015,0.001,0.0,0.001,0.0,0.033
city,23751,0.014,0.015,0.001,0.001,0.001,0.0,0.032
been,20764,0.013,0.014,0.002,0.001,0.002,0.0,0.032
his,18492,0.024,0.005,0.0,0.002,0.0,0.0,0.032
let,16559,0.011,0.016,0.002,0.001,0.001,0.0,0.032
consultant,16208,0.012,0.018,0.001,0.001,0.001,0.0,0.032
together,10450,0.01,0.016,0.003,0.001,0.002,0.0,0.032
2023,9310,0.011,0.017,0.001,0.001,0.002,0.0,0.032
pa,8625,0.011,0.018,0.002,0.001,0.001,0.0,0.032
weather,8167,0.015,0.013,0.002,0.001,0.001,0.0,0.032
sense,7943,0.011,0.018,0.001,0.0,0.001,0.0,0.032
must,7824,0.012,0.015,0.003,0.0,0.003,0.0,0.032
onlyfans,7726,0.008,0.015,0.003,0.002,0.004,0.0,0.032
principal,7016,0.019,0.013,0.0,0.0,0.0,0.0,0.032
serious,6118,0.012,0.014,0.002,0.002,0.002,0.0,0.032
michigan,6085,0.013,0.016,0.001,0.001,0.001,0.0,0.032
fast,5438,0.013,0.012,0.002,0.002,0.003,0.0,0.032
above,5132,0.012,0.015,0.003,0.001,0.001,0.0,0.032
control,4685,0.015,0.013,0.001,0.001,0.002,0.0,0.032
safety,4519,0.01,0.019,0.002,0.0,0.0,0.0,0.032
access,4419,0.008,0.02,0.002,0.001,0.001,0.0,0.032
message,4315,0.012,0.011,0.004,0.002,0.002,0.0,0.032
physical,4206,0.015,0.014,0.002,0.0,0.001,0.0,0.032
s,47366,0.01,0.017,0.002,0.001,0.001,0.0,0.031
back,35750,0.011,0.014,0.002,0.001,0.002,0.0,0.031
hard,25783,0.011,0.014,0.002,0.001,0.002,0.001,0.031
loving,21152,0.01,0.016,0.002,0.001,0.001,0.001,0.031
top,19631,0.017,0.008,0.003,0.002,0.002,0.0,0.031
p,19592,0.011,0.013,0.003,0.002,0.002,0.0,0.031
ny,16173,0.012,0.015,0.001,0.001,0.001,0.0,0.031
vet,15284,0.015,0.014,0.001,0.0,0.001,0.0,0.031
she,13983,0.004,0.022,0.002,0.001,0.002,0.0,0.031
yourself,13727,0.008,0.017,0.001,0.001,0.002,0.001,0.031
100,13416,0.011,0.014,0.002,0.001,0.002,0.0,0.031
club,13296,0.011,0.014,0.002,0.001,0.002,0.0,0.031
soccer,12682,0.016,0.014,0.001,0.0,0.001,0.0,0.031
tx,12483,0.01,0.017,0.001,0.001,0.002,0.0,0.031
speaker,12108,0.011,0.018,0.001,0.001,0.001,0.0,0.031
13,12033,0.011,0.015,0.001,0.002,0.002,0.0,0.031
share,11983,0.012,0.014,0.002,0.002,0.002,0.0,0.031
west,11005,0.013,0.015,0.001,0.0,0.001,0.0,0.031
champion,10502,0.016,0.012,0.002,0.001,0.001,0.0,0.031
southern,10127,0.01,0.016,0.001,0.001,0.002,0.0,0.031
nc,8547,0.012,0.017,0.001,0.001,0.0,0.0,0.031
thinker,7652,0.01,0.017,0.001,0.001,0.001,0.0,0.031
ideas,7108,0.012,0.015,0.001,0.001,0.001,0.0,0.031
nj,6848,0.01,0.015,0.001,0.002,0.002,0.0,0.031
smile,6672,0.009,0.017,0.002,0.001,0.002,0.0,0.031
pay,6116,0.01,0.015,0.002,0.002,0.002,0.0,0.031
feed,5255,0.013,0.014,0.002,0.001,0.002,0.0,0.031
classic,4889,0.015,0.013,0.002,0.0,0.001,0.0,0.031
started,4640,0.012,0.014,0.002,0.002,0.002,0.0,0.031
gym,4468,0.019,0.01,0.001,0.001,0.0,0.0,0.031
feet,4311,0.011,0.016,0.003,0.0,0.001,0.0,0.031
walk,4131,0.01,0.018,0.002,0.001,0.001,0.0,0.031
follow,74096,0.012,0.012,0.002,0.001,0.002,0.0,0.03
business,62005,0.013,0.013,0.002,0.001,0.002,0.0,0.03
team,32652,0.013,0.013,0.001,0.001,0.001,0.0,0.03
young,17186,0.01,0.015,0.002,0.001,0.001,0.0,0.03
believe,16153,0.01,0.016,0.001,0.001,0.001,0.0,0.03
peace,15676,0.008,0.017,0.002,0.001,0.001,0.0,0.03
g,12908,0.012,0.011,0.002,0.002,0.002,0.0,0.03
amazing,12358,0.011,0.015,0.001,0.001,0.002,0.0,0.03
program,11983,0.012,0.015,0.001,0.0,0.001,0.0,0.03
john,8246,0.014,0.012,0.001,0.001,0.001,0.001,0.03
rest,7515,0.009,0.017,0.001,0.001,0.001,0.0,0.03
guys,6463,0.016,0.01,0.002,0.002,0.001,0.0,0.03
talent,6019,0.014,0.012,0.001,0.001,0.001,0.0,0.03
focus,5876,0.012,0.014,0.001,0.002,0.001,0.0,0.03
event,5785,0.01,0.015,0.003,0.001,0.002,0.0,0.03
mets,5377,0.017,0.012,0.0,0.0,0.001,0.0,0.03
virginia,5376,0.012,0.017,0.001,0.0,0.0,0.0,0.03
spiritual,5164,0.006,0.017,0.002,0.001,0.003,0.0,0.03
nonprofit,4929,0.01,0.018,0.001,0.0,0.001,0.0,0.03
risk,4872,0.011,0.014,0.002,0.001,0.001,0.0,0.03
tn,4338,0.009,0.017,0.002,0.001,0.001,0.0,0.03
gotta,4209,0.009,0.016,0.003,0.0,0.002,0.0,0.03
life,160840,0.009,0.016,0.002,0.001,0.001,0.0,0.029
university,53053,0.012,0.015,0.001,0.0,0.001,0.0,0.029
first,35299,0.01,0.016,0.001,0.001,0.002,0.0,0.029
10,18187,0.01,0.014,0.002,0.001,0.002,0.0,0.029
f,16495,0.01,0.013,0.002,0.002,0.001,0.0,0.029
global,12331,0.01,0.017,0.001,0.0,0.001,0.0,0.029
passion,10692,0.01,0.015,0.001,0.001,0.001,0.0,0.029
become,8123,0.011,0.014,0.002,0.001,0.001,0.0,0.029
east,7936,0.011,0.014,0.002,0.001,0.001,0.0,0.029
focused,7747,0.013,0.013,0.001,0.001,0.002,0.0,0.029
hit,7406,0.015,0.008,0.002,0.002,0.002,0.0,0.029
start,7362,0.01,0.013,0.002,0.001,0.001,0.0,0.029
officer,7359,0.013,0.014,0.001,0.0,0.001,0.0,0.029
knowledge,6953,0.011,0.015,0.001,0.001,0.001,0.0,0.029
2nd,6393,0.011,0.016,0.001,0.0,0.001,0.0,0.029
gold,5799,0.01,0.013,0.002,0.002,0.002,0.001,0.029
force,5704,0.012,0.013,0.001,0.001,0.001,0.0,0.029
beyond,5242,0.011,0.013,0.002,0.001,0.001,0.0,0.029
fly,5168,0.012,0.012,0.003,0.001,0.001,0.0,0.029
generation,5142,0.01,0.017,0.001,0.001,0.001,0.0,0.029
performance,5030,0.01,0.012,0.003,0.002,0.002,0.0,0.029
supporting,4899,0.01,0.014,0.002,0.0,0.001,0.0,0.029
style,4896,0.008,0.018,0.001,0.001,0.001,0.0,0.029
live,60744,0.01,0.014,0.002,0.001,0.001,0.0,0.028
home,34332,0.01,0.014,0.001,0.001,0.001,0.0,0.028
5,31103,0.009,0.014,0.002,0.001,0.002,0.0,0.028
travel,25029,0.008,0.018,0.001,0.0,0.001,0.0,0.028
class,20568,0.014,0.011,0.001,0.001,0.001,0.0,0.028
boys,15315,0.008,0.016,0.002,0.001,0.001,0.0,0.028
learn,14498,0.012,0.013,0.001,0.001,0.001,0.0,0.028
south,14036,0.01,0.014,0.001,0.001,0.001,0.0,0.028
12,12884,0.01,0.013,0.002,0.001,0.002,0.0,0.028
san,12425,0.012,0.013,0.001,0.001,0.001,0.0,0.028
california,11605,0.012,0.013,0.001,0.001,0.001,0.0,0.028
air,8166,0.012,0.013,0.001,0.0,0.001,0.0,0.028
creating,7724,0.009,0.013,0.002,0.001,0.002,0.0,0.028
bring,7021,0.01,0.016,0.001,0.0,0.001,0.001,0.028
freak,6952,0.009,0.012,0.003,0.001,0.002,0.0,0.028
career,6561,0.01,0.016,0.001,0.0,0.001,0.0,0.028
valley,6547,0.007,0.016,0.001,0.0,0.003,0.0,0.028
angeles,6309,0.013,0.011,0.001,0.001,0.002,0.0,0.028
respect,6157,0.009,0.014,0.003,0.001,0.001,0.0,0.028
mba,6066,0.013,0.015,0.001,0.0,0.0,0.0,0.028
fear,5521,0.011,0.013,0.002,0.0,0.002,0.0,0.028
followers,5246,0.011,0.012,0.003,0.001,0.002,0.0,0.028
2x,5005,0.012,0.013,0.0,0.001,0.002,0.0,0.028
driver,4996,0.013,0.012,0.001,0.001,0.0,0.0,0.028
tennis,4990,0.014,0.013,0.0,0.0,0.0,0.0,0.028
move,4649,0.012,0.012,0.001,0.002,0.001,0.0,0.028
instagram,49196,0.008,0.015,0.002,0.001,0.002,0.0,0.027
//www,37891,0.012,0.01,0.002,0.001,0.001,0.0,0.027
through,30223,0.01,0.013,0.002,0.001,0.001,0.0,0.027
r,27392,0.01,0.012,0.002,0.001,0.001,0.0,0.027
texas,26099,0.01,0.014,0.001,0.0,0.001,0.0,0.027
6,20206,0.009,0.013,0.002,0.001,0.001,0.0,0.027
8,17135,0.01,0.013,0.002,0.001,0.002,0.0,0.027
building,13494,0.015,0.01,0.001,0.001,0.001,0.0,0.027
fl,10096,0.008,0.015,0.001,0.001,0.002,0.0,0.027
build,9716,0.013,0.01,0.001,0.001,0.0,0.0,0.027
journey,8408,0.009,0.013,0.001,0.001,0.001,0.0,0.027
licensed,7272,0.006,0.017,0.002,0.001,0.001,0.0,0.027
different,7057,0.012,0.012,0.002,0.001,0.001,0.0,0.027
//onlyfans,6447,0.007,0.012,0.005,0.002,0.001,0.0,0.027
outdoors,6291,0.01,0.015,0.0,0.001,0.0,0.0,0.027
wonderful,5823,0.01,0.014,0.002,0.001,0.001,0.0,0.027
al,5786,0.009,0.014,0.002,0.001,0.002,0.001,0.027
detroit,5639,0.012,0.011,0.002,0.001,0.001,0.0,0.027
comes,5499,0.009,0.014,0.001,0.001,0.001,0.0,0.027
created,4862,0.015,0.009,0.001,0.001,0.001,0.0,0.027
husband,89517,0.023,0.002,0.0,0.0,0.0,0.0,0.026
3,58706,0.009,0.013,0.001,0.001,0.001,0.0,0.026
state,52405,0.01,0.014,0.001,0.0,0.001,0.0,0.026
e,35216,0.008,0.013,0.002,0.001,0.002,0.0,0.026
alumni,16731,0.01,0.013,0.001,0.001,0.001,0.0,0.026
its,13115,0.009,0.012,0.003,0.001,0.002,0.001,0.026
radio,12959,0.013,0.01,0.001,0.001,0.001,0.0,0.026
york,12190,0.013,0.011,0.0,0.001,0.0,0.0,0.026
advice,11269,0.01,0.015,0.001,0.0,0.001,0.0,0.026
mommy,10823,0.002,0.021,0.001,0.0,0.002,0.0,0.026
brand,10158,0.009,0.014,0.001,0.0,0.001,0.0,0.026
cash,8273,0.008,0.013,0.003,0.001,0.001,0.0,0.026
grow,7924,0.009,0.013,0.002,0.001,0.002,0.0,0.026
pastor,7472,0.013,0.012,0.0,0.001,0.001,0.0,0.026
atl,7113,0.009,0.012,0.002,0.001,0.001,0.0,0.026
selling,6616,0.007,0.014,0.002,0.002,0.002,0.0,0.026
traveling,6389,0.008,0.015,0.001,0.0,0.001,0.0,0.026
store,6239,0.009,0.011,0.002,0.001,0.003,0.0,0.026
arizona,5589,0.013,0.011,0.0,0.0,0.002,0.0,0.026
growing,5535,0.008,0.014,0.002,0.001,0.001,0.0,0.026
season,5438,0.01,0.013,0.001,0.001,0.001,0.0,0.026
ig,109902,0.006,0.014,0.002,0.001,0.002,0.0,0.025
4,47057,0.008,0.014,0.002,0.001,0.001,0.0,0.025
veteran,27242,0.014,0.009,0.001,0.0,0.001,0.0,0.025
technology,18352,0.014,0.008,0.001,0.001,0.001,0.0,0.025
7,17497,0.008,0.013,0.001,0.001,0.001,0.0,0.025
area,15506,0.013,0.01,0.001,0.001,0.001,0.0,0.025
9,14934,0.009,0.012,0.001,0.001,0.002,0.0,0.025
entertainment,12375,0.012,0.011,0.001,0.001,0.001,0.0,0.025
0,11309,0.01,0.01,0.002,0.001,0.002,0.0,0.025
website,10323,0.009,0.01,0.002,0.001,0.002,0.0,0.025
needs,9884,0.009,0.011,0.002,0.001,0.001,0.0,0.025
lord,8476,0.013,0.007,0.002,0.001,0.002,0.0,0.025
sharing,8329,0.01,0.011,0.001,0.001,0.001,0.001,0.025
washington,7877,0.011,0.012,0.001,0.0,0.0,0.0,0.025
source,7830,0.015,0.007,0.001,0.002,0.001,0.0,0.025
trade,7293,0.013,0.009,0.001,0.001,0.001,0.0,0.025
we're,7070,0.01,0.01,0.003,0.001,0.001,0.001,0.025
natural,6365,0.008,0.014,0.001,0.001,0.001,0.0,0.025
bears,5896,0.014,0.008,0.001,0.001,0.001,0.0,0.025
sox,5714,0.013,0.01,0.001,0.0,0.001,0.0,0.025
collection,5541,0.008,0.014,0.001,0.001,0.001,0.0,0.025
forward,5405,0.012,0.01,0.001,0.0,0.001,0.0,0.025
elementary,5395,0.006,0.017,0.001,0.001,0.001,0.0,0.025
purpose,5314,0.009,0.012,0.002,0.0,0.002,0.0,0.025
road,5264,0.009,0.013,0.002,0.001,0.001,0.0,0.025
2016,5157,0.008,0.014,0.002,0.001,0.001,0.0,0.025
ain’t,5040,0.008,0.013,0.002,0.001,0.002,0.0,0.025
cleveland,4981,0.012,0.011,0.001,0.001,0.0,0.0,0.025
school,63066,0.008,0.015,0.001,0.0,0.001,0.0,0.024
real,52613,0.008,0.011,0.002,0.001,0.002,0.0,0.024
la,38086,0.008,0.013,0.001,0.001,0.001,0.0,0.024
usa,17194,0.007,0.014,0.001,0.001,0.001,0.0,0.024
center,12675,0.01,0.012,0.001,0.0,0.001,0.0,0.024
daily,12427,0.009,0.013,0.001,0.001,0.001,0.0,0.024
create,11054,0.009,0.01,0.002,0.001,0.002,0.0,0.024
channel,10874,0.013,0.009,0.001,0.001,0.001,0.0,0.024
da,10830,0.006,0.012,0.002,0.001,0.002,0.0,0.024
industry,9970,0.009,0.011,0.001,0.001,0.001,0.0,0.024
leadership,7349,0.008,0.015,0.0,0.0,0.0,0.0,0.024
office,6869,0.01,0.012,0.001,0.001,0.001,0.0,0.024
happiness,6506,0.008,0.014,0.001,0.0,0.001,0.0,0.024
custom,6455,0.006,0.011,0.003,0.001,0.003,0.0,0.024
site,5911,0.011,0.009,0.001,0.001,0.001,0.0,0.024
n,38261,0.007,0.011,0.002,0.001,0.002,0.0,0.023
great,29537,0.009,0.011,0.001,0.0,0.001,0.0,0.023
their,23539,0.007,0.009,0.004,0.001,0.002,0.0,0.023
beautiful,21697,0.007,0.013,0.001,0.001,0.001,0.0,0.023
11,11688,0.007,0.012,0.001,0.001,0.001,0.0,0.023
1st,11195,0.008,0.012,0.002,0.001,0.001,0.0,0.023
district,10818,0.009,0.012,0.0,0.0,0.0,0.0,0.023
network,10305,0.013,0.008,0.001,0.001,0.001,0.0,0.023
everyday,8911,0.009,0.011,0.001,0.001,0.001,0.001,0.023
simple,8880,0.012,0.008,0.002,0.001,0.001,0.0,0.023
government,8755,0.011,0.009,0.001,0.001,0.0,0.0,0.023
owned,8446,0.007,0.013,0.002,0.0,0.001,0.0,0.023
click,7443,0.007,0.011,0.002,0.001,0.002,0.0,0.023
georgia,6650,0.01,0.011,0.0,0.001,0.001,0.0,0.023
grandma,6619,0.002,0.02,0.0,0.0,0.001,0.0,0.023
grace,6319,0.006,0.015,0.001,0.0,0.002,0.0,0.023
cubs,5986,0.012,0.01,0.001,0.0,0.001,0.0,0.023
news,42054,0.008,0.012,0.001,0.0,0.001,0.0,0.022
ceo,24375,0.009,0.011,0.001,0.0,0.001,0.0,0.022
florida,16609,0.01,0.01,0.001,0.001,0.0,0.0,0.022
group,13483,0.009,0.01,0.001,0.0,0.001,0.0,0.022
today,13197,0.007,0.013,0.001,0.001,0.001,0.0,0.022
rip,13118,0.009,0.009,0.001,0.001,0.002,0.0,0.022
st,11534,0.01,0.009,0.001,0.001,0.0,0.0,0.022
advisor,10694,0.008,0.012,0.0,0.001,0.001,0.0,0.022
navy,9430,0.012,0.009,0.001,0.001,0.0,0.0,0.022
brother,9133,0.017,0.003,0.001,0.001,0.0,0.0,0.022
field,7433,0.01,0.01,0.001,0.001,0.001,0.0,0.022
win,7146,0.008,0.01,0.002,0.001,0.001,0.0,0.022
goal,5799,0.007,0.012,0.002,0.001,0.001,0.0,0.022
hop,5798,0.012,0.007,0.001,0.001,0.001,0.0,0.022
sports,96873,0.012,0.008,0.0,0.0,0.0,0.0,0.021
help,33460,0.009,0.008,0.001,0.001,0.001,0.0,0.021
o,31070,0.007,0.01,0.002,0.001,0.001,0.0,0.021
baseball,27783,0.011,0.009,0.0,0.0,0.0,0.0,0.021
he,16344,0.012,0.006,0.001,0.001,0.001,0.0,0.021
join,14533,0.008,0.009,0.002,0.001,0.001,0.0,0.021
nfts,14190,0.008,0.008,0.002,0.001,0.002,0.0,0.021
beauty,10068,0.003,0.015,0.001,0.0,0.001,0.0,0.021
international,9256,0.009,0.011,0.001,0.0,0.001,0.0,0.021
church,7883,0.009,0.01,0.001,0.001,0.001,0.0,0.021
sell,7662,0.006,0.011,0.002,0.001,0.002,0.0,0.021
platform,6208,0.012,0.007,0.001,0.0,0.0,0.0,0.021
schools,5958,0.005,0.015,0.0,0.0,0.0,0.0,0.021
management,15616,0.008,0.01,0.0,0.0,0.001,0.0,0.02
national,14171,0.008,0.01,0.001,0.0,0.001,0.0,0.02
children,12654,0.006,0.012,0.001,0.0,0.001,0.0,0.02
agency,6920,0.006,0.013,0.0,0.0,0.001,0.0,0.02
booking,6800,0.006,0.007,0.004,0.001,0.002,0.0,0.02
carolina,6590,0.009,0.009,0.001,0.0,0.0,0.0,0.02
specializing,6570,0.007,0.011,0.001,0.0,0.001,0.0,0.02
ga,6567,0.007,0.012,0.0,0.001,0.001,0.0,0.02
father,87320,0.018,0.0,0.0,0.0,0.0,0.0,0.019
us,57883,0.008,0.008,0.001,0.001,0.001,0.0,0.019
page,25672,0.007,0.008,0.001,0.001,0.002,0.0,0.019
son,18183,0.012,0.005,0.0,0.001,0.0,0.0,0.019
events,11473,0.007,0.009,0.001,0.0,0.001,0.0,0.019
mi,10113,0.005,0.011,0.001,0.001,0.001,0.0,0.019
beach,9906,0.006,0.012,0.001,0.0,0.001,0.0,0.019
trust,9219,0.007,0.01,0.001,0.0,0.001,0.0,0.019
central,8803,0.007,0.01,0.001,0.001,0.0,0.0,0.019
easy,7915,0.007,0.009,0.001,0.0,0.001,0.0,0.019
finance,7776,0.008,0.009,0.0,0.0,0.0,0.0,0.019
atlanta,7725,0.01,0.007,0.001,0.001,0.001,0.0,0.019
hip,7164,0.01,0.007,0.001,0.001,0.001,0.0,0.019
we,101088,0.006,0.009,0.001,0.0,0.001,0.0,0.018
christian,29440,0.009,0.008,0.001,0.001,0.0,0.0,0.018
fitness,12552,0.008,0.009,0.001,0.0,0.001,0.0,0.018
catholic,9050,0.008,0.01,0.0,0.0,0.0,0.0,0.018
2024,7435,0.009,0.007,0.001,0.001,0.001,0.0,0.018
teams,7090,0.01,0.007,0.0,0.0,0.001,0.0,0.018
money,18858,0.008,0.007,0.001,0.001,0.001,0.0,0.017
snap,15332,0.007,0.006,0.001,0.001,0.001,0.0,0.017
experience,14413,0.006,0.007,0.001,0.0,0.001,0.0,0.017
los,13620,0.008,0.007,0.0,0.001,0.001,0.0,0.017
hs,11619,0.006,0.01,0.001,0.0,0.0,0.0,0.017
information,11447,0.007,0.008,0.001,0.0,0.001,0.0,0.017
north,11304,0.008,0.008,0.0,0.0,0.001,0.0,0.017
houston,8719,0.007,0.008,0.001,0.001,0.001,0.0,0.017
high,52280,0.006,0.007,0.001,0.0,0.001,0.0,0.016
retired,41350,0.006,0.009,0.0,0.0,0.0,0.0,0.016
en,19792,0.005,0.008,0.001,0.001,0.002,0.0,0.016
truth,18380,0.005,0.01,0.001,0.0,0.001,0.0,0.016
faith,11657,0.005,0.009,0.001,0.0,0.0,0.0,0.016
track,8678,0.004,0.01,0.0,0.0,0.001,0.0,0.016
updates,8191,0.004,0.007,0.002,0.0,0.001,0.0,0.016
lifestyle,8158,0.004,0.009,0.001,0.0,0.001,0.0,0.016
inc,7994,0.008,0.007,0.0,0.001,0.0,0.0,0.016
y,34446,0.005,0.007,0.001,0.001,0.001,0.0,0.015
independent,17497,0.006,0.007,0.001,0.0,0.0,0.0,0.015
helping,15943,0.007,0.007,0.0,0.0,0.0,0.0,0.015
quality,12777,0.006,0.006,0.001,0.0,0.001,0.0,0.015
him,9997,0.007,0.006,0.001,0.001,0.001,0.0,0.015
students,9574,0.004,0.01,0.0,0.0,0.0,0.0,0.015
dallas,9218,0.007,0.006,0.001,0.0,0.0,0.0,0.015
miami,9016,0.006,0.007,0.0,0.001,0.0,0.0,0.015
family,63278,0.005,0.008,0.0,0.0,0.0,0.0,0.014
coach,54071,0.005,0.008,0.0,0.0,0.0,0.0,0.014
america,19139,0.006,0.006,0.0,0.001,0.001,0.0,0.014
company,15387,0.007,0.005,0.001,0.0,0.001,0.0,0.014
jesus,26139,0.005,0.007,0.0,0.0,0.0,0.0,0.013
service,19329,0.005,0.006,0.001,0.0,0.001,0.0,0.013
county,15843,0.005,0.006,0.0,0.0,0.0,0.0,0.013
follower,14323,0.006,0.007,0.0,0.0,0.0,0.0,0.013
athlete,11560,0.005,0.007,0.0,0.0,0.0,0.0,0.013
united,10332,0.006,0.005,0.0,0.0,0.001,0.0,0.013
god,73111,0.004,0.005,0.001,0.0,0.001,0.0,0.012
sc,28070,0.004,0.006,0.001,0.0,0.0,0.0,0.012
our,64684,0.004,0.006,0.001,0.0,0.0,0.0,0.011
services,20816,0.004,0.006,0.0,0.0,0.0,0.0,0.011
el,15359,0.004,0.005,0.001,0.001,0.001,0.0,0.011
entrepreneur,25135,0.004,0.005,0.0,0.0,0.0,0.0,0.01
freedom,15622,0.003,0.005,0.001,0.0,0.001,0.0,0.01
official,51888,0.004,0.003,0.001,0.0,0.0,0.0,0.009
football,42821,0.005,0.003,0.0,0.0,0.0,0.0,0.009
basketball,26143,0.006,0.003,0.0,0.0,0.0,0.0,0.009
country,25009,0.003,0.005,0.0,0.0,0.0,0.0,0.009
de,48780,0.002,0.004,0.0,0.0,0.0,0.0,0.008
nft,35659,0.003,0.004,0.001,0.001,0.0,0.0,0.008
trump,20410,0.003,0.004,0.0,0.0,0.0,0.0,0.008
snapchat,16783,0.004,0.003,0.0,0.0,0.0,0.0,0.008
christ,19028,0.003,0.004,0.0,0.0,0.0,0.0,0.007
crypto,38284,0.003,0.002,0.0,0.0,0.0,0.0,0.005
