trigram,overall,he/him,she/her,they/them,he/they,she/they,multiple,pronoun list
are my own,98.85,323.014,307.609,116.727,109.683,130.819,139.86,278.569
black lives matter,17.695,137.382,143.717,119.52,127.442,137.575,174.825,139.125
opinions are my,35.799,138.451,119.474,50.265,50.141,65.103,43.706,114.029
views are my,22.468,70.83,89.169,30.718,27.16,30.095,43.706,72.216
tweets are my,24.09,57.757,57.703,13.404,15.669,19.039,17.483,50.072
opinions my own,9.33,52.172,45.996,18.431,18.803,23.953,17.483,43.369
views my own,8.924,38.03,51.559,13.404,20.892,15.354,17.483,40.457
a lot of,12.712,37.079,30.636,36.303,35.517,31.937,43.706,33.594
i am a,45.691,31.374,26.07,34.627,19.847,23.339,43.706,28.208
i like to,15.16,26.621,23.413,24.574,19.847,31.323,30.594,25.016
video games and,6.994,34.227,12.703,30.159,29.249,14.126,30.594,22.064
all opinions are,5.942,21.748,23.662,11.17,7.312,11.669,13.112,20.627
opinions are mine,5.806,26.264,20.839,5.585,9.401,7.37,0.0,20.069
to be a,14.978,24.125,17.684,16.197,16.714,15.354,21.853,19.59
my own and,7.815,28.998,15.941,10.053,12.535,6.756,13.112,19.151
my name is,13.345,19.609,13.201,30.159,24.026,25.181,56.818,18.154
check out my,13.806,19.49,14.945,20.665,17.758,21.496,17.483,17.436
i have a,12.196,19.015,17.103,17.872,11.491,13.512,13.112,17.316
just trying to,11.602,17.351,15.526,25.133,19.847,19.654,4.371,17.156
tweets my own,4.195,13.905,20.673,4.468,5.223,5.528,4.371,15.52
of all things,10.814,16.281,16.937,9.495,10.446,7.37,4.371,15.201
here for the,13.49,12.835,17.684,11.729,7.312,7.984,13.112,14.563
profile pic by,1.787,21.748,6.974,24.574,18.803,12.284,30.594,14.204
are human rights,1.379,19.609,11.125,12.287,7.312,9.213,26.224,13.924
rights are human,1.326,19.134,10.959,12.287,7.312,8.598,21.853,13.605
at a time,17.595,13.429,13.699,10.612,12.535,11.055,26.224,13.286
this is my,8.937,13.192,11.374,15.08,20.892,14.74,26.224,12.967
trying to be,5.98,16.638,10.71,6.144,25.071,9.213,8.741,12.807
my opinions are,4.511,19.134,10.461,7.261,6.268,7.984,0.0,12.728
lover of all,8.774,12.597,14.862,8.936,6.268,4.913,13.112,12.688
in love with,7.257,8.319,13.782,11.17,18.803,23.339,8.741,12.528
just here to,9.046,10.102,13.035,15.08,17.758,14.126,8.741,12.408
trying to make,9.619,15.925,10.71,8.936,12.535,9.213,4.371,12.249
feel free to,6.75,16.519,8.053,18.431,21.937,7.984,17.483,12.249
on the internet,4.237,17.47,9.216,10.053,14.624,9.213,8.741,12.249
and video games,3.778,17.232,7.97,12.287,18.803,14.74,8.741,12.249
author of the,6.3,12.478,14.363,3.351,5.223,4.913,8.741,11.93
thoughts are my,3.91,12.597,12.703,8.936,3.134,6.756,4.371,11.57
this is a,5.398,8.913,12.454,12.287,10.446,14.74,26.224,11.451
i tweet about,5.225,14.261,11.125,6.144,11.491,5.528,4.371,11.411
big fan of,4.898,12.122,12.205,10.053,6.268,6.142,4.371,11.331
i want to,8.544,10.934,11.541,10.053,8.357,12.284,17.483,11.211
welcome to my,7.652,9.151,10.876,15.08,13.58,10.441,13.112,10.693
of my employer,3.91,14.261,10.378,6.144,4.178,1.843,8.741,10.573
play video games,4.169,15.925,6.642,8.378,17.758,5.528,8.741,10.254
mental health advocate,3.503,7.012,13.118,10.612,4.178,9.827,4.371,10.254
all views are,3.128,7.962,13.035,7.819,2.089,7.37,13.112,10.174
views are mine,2.988,11.052,11.624,2.793,5.223,5.528,4.371,10.094
into the void,1.888,8.794,11.291,8.378,7.312,12.284,4.371,10.094
my tweets are,6.649,14.142,8.386,10.053,7.312,3.685,4.371,10.054
i love my,11.604,8.676,9.631,12.846,11.491,8.598,0.0,9.456
expressed are my,4.432,12.954,9.216,3.351,3.134,2.457,13.112,9.416
member of the,10.41,13.073,7.638,8.378,4.178,6.756,8.741,9.336
your friendly neighborhood,2.937,7.606,9.133,12.846,18.803,7.984,17.483,9.256
if you want,8.067,12.716,6.476,10.053,13.58,5.528,21.853,9.177
in that order,7.181,12.954,8.801,2.793,1.045,1.843,13.112,9.057
in the world,13.303,10.934,8.136,5.027,4.178,9.213,17.483,8.857
will be blocked,2.762,12.003,5.48,11.729,12.535,7.984,26.224,8.738
trying my best,1.646,8.319,7.638,11.729,9.401,15.354,4.371,8.698
nsfw 18 only,2.309,14.023,3.57,13.404,14.624,8.598,17.483,8.658
ask me about,1.943,7.606,8.303,10.612,9.401,14.126,4.371,8.618
dms are open,3.027,14.736,3.653,6.702,18.803,4.299,13.112,8.299
do not reflect,2.801,9.389,7.97,7.819,6.268,5.528,13.112,8.259
talk to me,2.983,7.844,7.389,12.287,7.312,9.213,21.853,8.139
i talk about,2.143,7.725,8.053,7.261,7.312,12.284,4.371,8.099
can call me,2.158,6.655,5.978,16.755,16.714,12.284,13.112,7.86
and do not,3.427,10.696,6.725,4.468,6.268,4.913,8.741,7.78
i'm just a,5.694,9.983,5.729,7.819,12.535,6.756,17.483,7.74
tweets are mine,3.003,9.626,8.386,1.117,3.134,3.685,0.0,7.7
just here for,8.509,6.655,8.386,8.378,5.223,7.984,8.741,7.66
follow me on,15.136,7.368,6.974,9.495,13.58,7.984,8.741,7.621
and opinions are,2.97,10.102,7.389,2.234,6.268,1.843,8.741,7.541
love is love,1.93,4.754,11.291,3.351,2.089,3.071,0.0,7.541
and lover of,4.729,7.131,8.718,5.027,2.089,5.528,8.741,7.461
i make art,1.247,4.635,5.646,15.638,20.892,15.969,17.483,7.381
a good time,7.31,5.704,8.303,8.378,6.268,7.37,13.112,7.341
views expressed are,3.471,10.339,7.14,1.676,3.134,2.457,4.371,7.341
i am the,8.579,8.319,6.144,10.053,4.178,8.598,8.741,7.261
of the time,3.242,8.913,6.393,6.702,5.223,6.142,13.112,7.261
you want to,9.237,7.725,6.891,5.585,10.446,6.756,8.741,7.222
you can call,2.053,5.942,5.563,15.638,14.624,11.669,13.112,7.222
wear a mask,2.239,5.229,9.382,6.702,2.089,4.299,0.0,7.102
born and raised,12.745,9.27,7.306,2.793,0.0,3.071,4.371,7.062
i do art,1.045,5.229,4.483,19.548,16.714,11.669,30.594,6.982
i have no,3.508,5.823,6.808,7.819,9.401,9.213,21.853,6.942
my views are,2.276,8.913,6.476,5.585,2.089,4.299,8.741,6.942
all the time,4.548,6.774,6.227,11.17,9.401,4.299,13.112,6.823
i used to,3.728,9.27,6.227,2.234,4.178,3.685,13.112,6.783
for a living,3.525,9.864,5.065,8.936,3.134,4.299,0.0,6.783
just your average,4.182,8.557,5.48,8.378,7.312,3.685,13.112,6.743
living in the,5.861,9.389,5.729,6.702,6.268,0.614,0.0,6.663
trying to get,4.421,8.081,5.48,7.819,9.401,5.528,4.371,6.663
my own not,2.25,8.081,6.891,3.91,2.089,1.843,17.483,6.663
do not represent,2.391,10.102,5.148,2.234,9.401,1.843,0.0,6.503
own and do,2.358,9.626,5.397,2.793,4.178,3.685,8.741,6.503
like video games,1.445,11.171,3.404,6.702,6.268,5.528,0.0,6.464
i am not,6.676,6.893,6.144,3.91,6.268,7.37,4.371,6.304
i do not,4.551,6.536,5.397,7.261,14.624,5.528,8.741,6.304
my pronouns are,1.581,4.873,4.068,20.106,7.312,10.441,34.965,6.304
here are my,3.236,9.626,5.48,1.676,1.045,2.457,4.371,6.224
dm me for,5.253,5.229,4.649,11.729,10.446,12.898,13.112,6.184
assistant professor of,2.211,6.299,7.887,1.676,0.0,2.457,0.0,6.184
mom of 2,5.828,0.0,12.205,0.0,0.0,2.457,4.371,6.065
i love to,10.21,5.348,6.725,4.468,10.446,4.299,0.0,6.025
host of the,6.491,11.647,3.238,2.793,4.178,1.843,4.371,5.985
want to be,6.215,5.704,5.978,3.351,3.134,12.898,0.0,5.985
trying to figure,2.975,5.823,6.227,7.261,4.178,4.913,4.371,5.985
a little bit,3.484,5.704,6.642,2.234,6.268,6.142,4.371,5.945
i believe in,6.342,5.586,7.306,2.234,3.134,2.457,8.741,5.905
this account is,3.556,6.893,4.899,6.144,9.401,5.528,8.741,5.905
all views my,1.24,4.873,7.555,3.351,4.178,2.457,4.371,5.865
of all trades,3.616,7.487,3.819,9.495,5.223,9.213,0.0,5.825
i don't know,3.124,6.893,4.566,6.144,7.312,7.984,8.741,5.825
i make music,2.7,9.745,2.408,7.261,12.535,4.913,8.741,5.825
all opinions my,1.163,5.229,7.057,3.91,5.223,2.457,4.371,5.825
i am an,6.913,6.061,5.563,7.261,7.312,2.457,13.112,5.785
i like video,1.293,10.339,2.823,6.702,5.223,4.299,0.0,5.785
and i love,7.273,5.11,5.397,9.495,9.401,5.528,4.371,5.745
welcome to the,8.645,6.061,4.566,6.702,4.178,11.055,8.741,5.666
just a guy,8.59,15.212,0.083,0.0,8.357,0.0,21.853,5.666
find me on,3.157,4.278,6.476,6.702,5.223,5.528,8.741,5.666
the university of,9.655,7.844,5.397,1.676,4.178,1.228,0.0,5.586
i try to,3.122,8.557,3.819,4.468,5.223,4.299,8.741,5.586
i don’t know,3.098,5.348,5.895,3.91,5.223,4.913,17.483,5.586
i just want,3.495,6.655,4.815,5.027,3.134,7.37,0.0,5.506
and i like,3.166,7.962,3.238,6.702,7.312,6.756,8.741,5.506
twitch http //twitch,3.17,8.913,3.404,3.91,11.491,1.228,4.371,5.466
of video games,1.315,8.676,3.487,5.027,6.268,3.071,4.371,5.426
phd student at,1.196,5.823,5.729,3.91,4.178,2.457,8.741,5.386
opinions expressed are,2.603,8.676,4.483,1.676,1.045,0.614,8.741,5.346
are mine alone,2.063,7.844,5.065,1.676,1.045,1.228,4.371,5.346
doing my best,1.484,3.446,6.227,8.378,5.223,5.528,4.371,5.346
make the world,2.882,7.487,4.483,3.91,4.178,3.071,0.0,5.306
i love you,4.546,2.852,7.057,6.144,0.0,6.756,4.371,5.267
the world a,3.166,7.012,4.899,2.793,4.178,3.071,0.0,5.267
to each other,1.563,8.676,3.487,3.91,5.223,1.228,8.741,5.227
used to be,2.957,6.299,5.148,1.676,1.045,4.913,13.112,5.187
at http //twitch,1.912,10.22,1.744,6.702,5.223,2.457,8.741,5.187
and all things,3.989,4.278,6.393,2.793,3.134,4.913,0.0,5.147
a lot about,1.442,5.229,5.148,6.144,2.089,5.528,0.0,5.107
to make the,3.187,6.536,4.815,2.793,3.134,3.685,0.0,5.067
are not endorsements,6.454,6.893,4.566,3.351,1.045,2.457,8.741,5.027
part of the,5.892,6.18,4.732,2.793,6.268,2.457,8.741,5.027
just a girl,3.75,0.238,9.465,0.0,0.0,5.528,4.371,5.027
and all around,2.904,7.725,3.985,1.117,7.312,1.843,4.371,5.027
mom of 3,5.49,0.0,9.797,0.559,0.0,3.071,4.371,4.987
https //www twitch,4.461,7.606,2.242,7.261,7.312,5.528,17.483,4.947
all tweets are,3.238,5.942,5.148,2.234,1.045,4.299,0.0,4.947
i play games,2.009,6.774,2.74,8.378,5.223,6.756,13.112,4.947
i write about,1.816,4.754,5.978,2.793,3.134,2.457,0.0,4.947
social media manager,1.708,3.684,6.144,3.91,4.178,3.071,0.0,4.828
here for a,4.884,3.328,5.563,3.91,6.268,6.142,8.741,4.788
what i’m doing,1.813,2.971,5.646,5.585,4.178,7.37,4.371,4.788
the oxford comma,1.089,3.565,6.725,1.117,1.045,3.071,4.371,4.788
work in progress,2.375,3.922,6.227,2.793,2.089,1.843,4.371,4.748
like to draw,1.111,4.041,3.819,8.378,3.134,11.669,8.741,4.748
co-host of the,2.625,9.507,2.491,0.559,2.089,1.843,8.741,4.708
way too much,1.33,5.348,4.483,3.351,6.268,3.685,0.0,4.668
to talk about,2.165,4.635,4.649,5.027,5.223,4.299,0.0,4.628
i play video,1.723,7.249,2.574,3.351,8.357,5.528,4.371,4.628
day at a,5.975,4.516,4.649,4.468,6.268,3.071,8.741,4.588
of my life,5.954,3.684,5.812,3.351,1.045,3.071,8.741,4.588
lover of books,1.671,2.02,7.887,0.559,1.045,0.614,0.0,4.588
dms always open,1.15,9.27,0.996,5.585,9.401,3.071,4.371,4.588
phd candidate in,1.038,4.041,5.397,3.351,3.134,3.685,4.371,4.588
fan of the,5.964,6.18,3.902,5.585,5.223,0.0,0.0,4.548
of the year,6.904,5.586,4.566,3.351,3.134,1.228,0.0,4.508
for a good,5.093,3.328,5.148,4.468,5.223,5.528,4.371,4.508
me if you,4.375,6.18,3.736,5.585,4.178,1.228,0.0,4.508
please do not,1.212,3.209,4.234,8.936,6.268,6.756,8.741,4.508
one day at,5.528,4.397,4.483,4.468,6.268,3.071,8.741,4.469
are mine and,1.908,7.725,2.906,2.793,4.178,1.228,4.371,4.469
no idea what,1.383,3.684,4.4,5.027,10.446,4.299,8.741,4.469
looking for a,7.929,6.299,3.321,4.468,3.134,3.071,8.741,4.429
just want to,3.429,5.586,3.653,2.793,2.089,7.37,0.0,4.389
trying to find,3.038,5.229,3.819,3.351,3.134,6.142,4.371,4.389
expressed here are,2.268,6.18,3.736,1.676,1.045,2.457,21.853,4.389
own and not,2.153,7.131,3.57,2.793,0.0,1.228,0.0,4.389
who likes to,2.805,5.823,2.657,7.819,8.357,3.685,0.0,4.349
those of my,1.468,5.586,4.151,2.234,3.134,1.843,8.741,4.349
a bit of,2.312,4.635,4.068,5.027,5.223,2.457,8.741,4.309
to figure out,2.094,4.159,4.4,5.585,4.178,3.685,0.0,4.309
have no idea,1.794,2.852,4.815,6.144,7.312,3.685,8.741,4.309
proud member of,4.902,5.11,3.57,6.702,3.134,3.685,0.0,4.269
a fan of,3.921,5.704,3.819,3.351,4.178,1.843,0.0,4.269
trying to live,3.148,3.803,4.982,6.144,2.089,1.228,0.0,4.269
know how to,2.277,3.328,4.234,6.144,4.178,7.37,4.371,4.269
a better place,3.501,5.11,4.483,1.676,3.134,1.843,0.0,4.229
crazy cat lady,1.174,0.0,8.303,0.0,0.0,3.071,4.371,4.229
this is the,6.919,5.11,3.321,5.027,2.089,6.142,4.371,4.189
a bunch of,2.123,5.348,3.819,3.91,3.134,1.843,4.371,4.189
most of the,2.053,5.823,3.487,2.793,3.134,1.843,13.112,4.189
to be the,5.095,5.229,3.819,2.793,4.178,2.457,4.371,4.149
of the world,4.99,4.991,3.736,1.676,5.223,5.528,0.0,4.149
video game enthusiast,1.128,5.823,3.238,3.91,4.178,1.843,8.741,4.149
if you are,4.751,4.754,3.487,4.468,3.134,4.299,13.112,4.11
at the university,4.417,5.348,4.151,1.676,4.178,0.614,0.0,4.11
what i'm doing,1.326,3.209,4.317,5.027,6.268,4.299,8.741,4.11
small business owner,5.29,2.496,5.729,1.676,2.089,4.299,0.0,4.07
i go by,1.001,2.852,2.823,8.378,14.624,6.142,21.853,4.07
i’m just here,4.504,3.565,4.982,2.793,1.045,3.071,0.0,4.03
i'm just here,2.702,3.446,3.736,5.027,3.134,7.984,8.741,4.03
be kind to,2.232,4.397,3.57,5.027,4.178,4.913,0.0,4.03
thoughts and opinions,1.468,5.704,3.653,0.559,5.223,1.228,4.371,4.03
one of the,7.918,6.299,2.657,1.676,4.178,4.299,0.0,3.95
is the best,5.143,5.704,3.321,1.676,4.178,1.228,8.741,3.95
living in a,2.917,2.852,4.732,4.468,3.134,3.685,4.371,3.95
jack of all,2.977,5.823,1.91,8.936,5.223,3.071,0.0,3.91
not necessarily in,2.391,5.229,3.902,0.559,1.045,0.614,13.112,3.87
and i am,4.671,3.684,3.736,5.027,3.134,4.299,4.371,3.83
necessarily in that,2.375,5.229,3.902,0.559,1.045,0.614,8.741,3.83
if you know,2.154,4.278,2.823,7.819,5.223,3.685,4.371,3.83
ph d candidate,1.076,3.09,4.982,2.234,0.0,3.071,4.371,3.83
i really like,1.008,3.684,3.238,3.91,7.312,5.528,13.112,3.83
is not a,3.168,4.041,3.736,3.351,4.178,2.457,8.741,3.79
world a better,2.718,4.635,3.902,1.676,3.134,1.843,0.0,3.79
18 only nsfw,1.253,6.061,1.827,6.144,3.134,4.299,4.371,3.79
to be an,2.639,3.684,3.653,3.91,3.134,4.913,4.371,3.75
you know me,2.015,4.041,2.657,8.936,5.223,3.685,4.371,3.75
the views of,1.951,6.061,3.238,1.117,2.089,0.0,0.0,3.75
https //www instagram,6.695,5.229,3.072,1.676,3.134,1.228,17.483,3.711
creator of the,2.619,6.061,2.242,3.351,3.134,3.685,0.0,3.711
lot of things,1.265,3.803,3.238,5.585,4.178,3.685,8.741,3.711
to make it,4.608,4.516,3.321,2.793,6.268,1.843,0.0,3.671
i live in,4.221,4.873,3.238,1.676,5.223,1.843,4.371,3.671
i’m just a,3.346,3.684,3.072,3.91,3.134,7.37,8.741,3.671
soon to be,2.911,3.684,3.487,5.585,3.134,1.843,13.112,3.671
stream on twitch,2.184,5.229,2.076,6.144,1.045,3.685,21.853,3.671
my best to,1.747,3.565,3.653,3.91,1.045,4.913,8.741,3.671
and other things,1.24,5.11,2.906,2.234,7.312,1.228,4.371,3.671
a passion for,3.782,3.328,4.068,3.91,4.178,1.228,4.371,3.631
who i am,4.974,4.159,3.736,3.351,2.089,0.614,4.371,3.591
lover of the,3.124,2.496,4.649,1.676,4.178,3.071,4.371,3.591
my own i,1.12,5.823,2.74,1.117,2.089,1.843,4.371,3.591
i follow back,5.257,4.278,3.321,2.793,2.089,3.685,0.0,3.551
to make a,5.023,3.446,3.819,3.91,2.089,3.071,0.0,3.551
trying to do,1.778,4.041,3.321,3.351,5.223,1.843,4.371,3.551
are always open,1.096,4.991,2.076,5.027,7.312,3.685,0.0,3.551
is where i,1.772,3.922,3.155,5.027,2.089,3.685,0.0,3.511
i also like,1.745,5.823,2.408,2.234,6.268,0.0,0.0,3.511
streamer on twitch,1.787,4.991,2.74,1.676,3.134,3.071,4.371,3.471
gmail com http,1.66,3.803,2.823,5.585,4.178,3.685,4.371,3.471
this is where,1.649,3.565,3.155,5.585,1.045,4.913,0.0,3.471
if you don’t,3.214,2.733,4.068,2.793,3.134,3.071,4.371,3.431
mom of two,2.841,0.0,6.891,0.559,0.0,1.228,0.0,3.431
free to dm,1.554,5.348,2.242,4.468,4.178,0.614,4.371,3.431
by way of,2.013,2.971,4.483,0.559,2.089,1.228,4.371,3.391
associate professor of,1.679,4.516,3.321,2.234,0.0,1.843,0.0,3.391
on the side,1.811,4.159,2.657,2.234,9.401,1.843,4.371,3.351
me on twitch,2.95,3.922,2.325,4.468,6.268,4.299,4.371,3.312
software engineer at,1.008,7.131,1.162,1.117,2.089,0.614,17.483,3.312
my best friend,3.85,2.971,3.736,4.468,0.0,1.228,8.741,3.272
if you like,2.737,4.397,2.574,1.676,6.268,1.843,8.741,3.272
have a good,2.665,3.922,2.408,6.144,1.045,3.685,8.741,3.272
so i can,2.303,2.733,3.653,4.468,3.134,1.843,4.371,3.272
if you wanna,2.134,4.397,1.827,7.261,4.178,3.071,4.371,3.272
at the same,1.866,3.328,3.653,0.0,2.089,3.685,8.741,3.272
working on a,1.339,3.803,2.408,5.027,7.312,1.843,8.741,3.272
married to my,4.338,2.852,4.068,2.234,1.045,1.228,4.371,3.232
a long time,3.918,2.258,3.819,1.676,3.134,4.913,8.741,3.232
i just wanna,1.839,2.377,3.487,5.027,4.178,3.685,0.0,3.232
for business inquiries,1.758,5.823,1.744,1.676,5.223,1.843,0.0,3.232
views of my,1.363,4.991,2.906,1.117,2.089,0.0,0.0,3.232
and other stuff,1.343,5.348,2.076,3.351,2.089,1.843,0.0,3.232
play games and,1.164,4.159,1.993,5.027,3.134,4.299,13.112,3.232
dms open for,1.08,4.041,1.328,6.702,7.312,5.528,8.741,3.192
the love of,4.134,2.377,3.985,3.351,1.045,1.843,4.371,3.152
at https //t,2.847,6.18,1.91,1.117,0.0,0.614,4.371,3.152
hi my name,2.028,2.733,2.408,6.144,5.223,6.142,4.371,3.152
the same time,1.756,3.09,3.653,0.0,2.089,3.071,8.741,3.152
my life is,2.81,2.615,3.57,2.793,2.089,3.071,4.371,3.112
is my favorite,2.173,3.922,2.906,2.234,2.089,2.457,0.0,3.112
be a good,2.035,3.684,2.74,2.793,5.223,2.457,0.0,3.112
my own opinions,1.372,4.041,3.072,2.793,1.045,0.614,0.0,3.112
currently working on,1.251,5.348,1.411,6.144,1.045,2.457,0.0,3.112
who loves to,3.701,3.209,2.74,3.351,5.223,3.685,0.0,3.072
do not follow,1.148,3.209,1.91,8.936,2.089,4.299,8.741,3.072
married to a,3.109,3.684,3.155,0.559,0.0,2.457,8.741,3.032
i like the,1.679,3.328,2.906,2.793,1.045,3.071,8.741,3.032
but you can,1.624,2.971,2.242,3.351,2.089,6.142,26.224,3.032
https //www youtube,6.798,5.586,1.411,2.234,6.268,0.614,0.0,2.992
there is no,4.32,2.852,3.653,1.676,2.089,0.614,4.371,2.992
click the link,5.628,2.496,3.155,2.234,2.089,5.528,0.0,2.952
in this world,3.251,3.328,3.072,1.676,4.178,1.228,0.0,2.952
and i have,2.57,2.733,3.321,2.234,2.089,2.457,4.371,2.952
try to be,1.714,5.586,1.494,1.117,4.178,1.843,0.0,2.952
i work in,1.587,3.922,2.657,2.793,0.0,2.457,0.0,2.952
just a little,1.24,2.496,2.657,2.793,9.401,4.299,0.0,2.952
bit of a,1.229,3.922,2.325,3.351,5.223,1.228,0.0,2.952
things i like,1.179,4.278,1.661,2.793,5.223,3.685,8.741,2.952
at this point,1.256,1.783,3.155,5.027,4.178,4.299,0.0,2.913
if you need,2.47,3.328,2.242,5.027,4.178,2.457,0.0,2.873
president of the,2.246,3.803,2.823,1.117,0.0,2.457,0.0,2.873
lover of music,2.224,2.852,3.238,2.234,2.089,1.228,4.371,2.873
but i am,1.827,2.377,2.823,5.585,1.045,3.685,4.371,2.873
trying to survive,1.512,2.852,3.155,2.793,2.089,1.843,0.0,2.873
as well as,4.942,3.684,1.993,2.793,5.223,3.071,4.371,2.833
if you don't,3.705,2.971,2.657,2.234,2.089,3.685,8.741,2.833
a guy who,3.466,7.725,0.083,0.559,2.089,0.0,8.741,2.833
i can be,3.251,4.159,1.494,2.793,6.268,3.685,4.371,2.833
little bit of,2.254,2.496,3.404,1.117,3.134,2.457,0.0,2.833
i stream on,1.572,4.041,1.494,5.585,1.045,1.843,21.853,2.833
stand with ukraine,1.539,3.684,2.159,3.91,1.045,3.685,0.0,2.833
views and opinions,1.326,4.041,2.491,2.793,2.089,0.0,0.0,2.833
21 years old,1.023,4.516,1.577,2.234,1.045,3.685,13.112,2.833
assistant professor at,1.006,4.397,2.657,0.0,2.089,0.0,0.0,2.833
what i want,2.715,2.852,2.989,1.676,0.0,4.299,0.0,2.793
here to make,1.912,3.09,2.574,3.91,1.045,3.071,0.0,2.793
playing video games,1.859,4.041,1.827,2.793,1.045,4.299,4.371,2.793
to meet you,1.372,3.803,1.993,1.117,5.223,3.071,8.741,2.793
have a lot,1.214,2.258,3.653,2.234,1.045,1.228,0.0,2.793
in the making,3.198,2.258,3.155,3.91,3.134,1.228,0.0,2.753
the intersection of,1.906,3.09,3.072,2.234,1.045,0.614,0.0,2.753
husband and father,7.354,7.725,0.0,0.0,3.134,0.0,0.0,2.713
father of two,5.719,7.844,0.083,0.0,0.0,0.0,4.371,2.713
hit me up,3.89,5.229,1.245,2.234,3.134,0.614,4.371,2.713
change the world,3.194,2.733,2.989,2.793,1.045,1.228,4.371,2.713
retweets are not,3.067,4.159,2.159,1.676,2.089,0.614,4.371,2.713
if you have,2.845,3.209,2.408,2.793,3.134,1.228,8.741,2.713
always looking for,2.74,3.09,2.491,1.676,4.178,2.457,4.371,2.713
to be here,1.736,2.258,2.74,2.234,7.312,2.457,4.371,2.713
my own views,1.016,4.397,2.076,0.559,1.045,2.457,0.0,2.713
the link below,4.5,2.852,2.491,2.793,3.134,3.071,0.0,2.673
i just be,2.527,2.733,2.408,2.793,2.089,4.299,4.371,2.673
to become a,2.274,2.852,2.657,3.351,1.045,2.457,0.0,2.673
stay at home,2.116,3.328,2.74,1.117,3.134,0.614,0.0,2.673
i have an,1.504,2.971,1.993,2.793,4.178,4.299,8.741,2.673
kind of a,1.016,3.684,2.491,1.676,3.134,0.0,0.0,2.673
the power of,3.688,2.258,2.906,3.351,1.045,3.071,0.0,2.633
married to the,3.119,2.971,2.657,3.351,2.089,0.614,0.0,2.633
of my own,2.149,3.328,2.574,1.117,4.178,0.614,0.0,2.633
is out now,1.974,2.733,2.906,2.234,3.134,0.0,4.371,2.633
my own rt,1.286,3.328,2.657,1.676,1.045,1.228,0.0,2.633
ph d student,1.209,2.377,3.072,2.793,1.045,1.843,0.0,2.633
all the things,1.045,1.664,3.985,0.559,1.045,0.614,4.371,2.633
the world is,3.807,2.733,2.823,2.234,2.089,0.614,4.371,2.593
with a passion,2.68,2.496,2.823,3.351,3.134,0.614,0.0,2.593
huge fan of,2.678,3.209,2.574,1.117,3.134,1.228,0.0,2.593
in my head,1.53,2.139,2.74,2.793,4.178,2.457,4.371,2.593
don’t know what,1.445,2.377,2.657,1.676,1.045,4.299,8.741,2.593
all i do,1.405,1.07,2.657,4.468,5.223,6.142,4.371,2.593
my best life,3.732,1.901,3.238,3.351,1.045,1.228,0.0,2.553
https //www amazon,2.525,3.209,2.242,3.351,1.045,1.228,4.371,2.553
at university of,1.521,3.803,2.325,1.117,0.0,0.614,4.371,2.553
i do is,1.466,1.188,2.657,3.91,5.223,5.528,4.371,2.553
nice to meet,1.209,3.446,1.827,1.117,4.178,3.071,8.741,2.553
to put here,1.128,3.209,1.827,1.117,7.312,3.071,4.371,2.553
love of my,2.522,2.139,2.906,3.351,0.0,2.457,0.0,2.514
you can find,2.417,1.901,2.325,3.351,5.223,3.071,13.112,2.514
i’m here for,2.404,1.426,3.072,2.793,3.134,3.071,4.371,2.514
be a better,1.616,3.09,2.574,0.0,2.089,2.457,0.0,2.514
mom to a,1.291,0.0,5.065,0.0,0.0,1.228,0.0,2.514
league of legends,1.183,4.278,1.577,1.117,5.223,0.614,0.0,2.514
this is an,1.006,2.615,1.993,5.027,1.045,3.071,8.741,2.514
to have fun,5.253,3.684,1.577,3.91,2.089,0.614,8.741,2.474
i love the,5.163,2.615,2.574,1.117,4.178,1.843,0.0,2.474
life is a,4.32,1.307,3.487,1.676,1.045,3.071,0.0,2.474
what i do,3.554,2.852,2.408,2.234,1.045,1.228,8.741,2.474
i stand with,1.963,3.446,1.744,1.676,2.089,4.299,0.0,2.474
time to time,1.677,3.565,1.744,2.793,4.178,0.0,8.741,2.474
to make friends,1.326,3.328,1.91,1.117,4.178,3.071,0.0,2.474
i just like,1.253,3.209,1.827,1.676,3.134,3.071,8.741,2.474
not affiliated with,3.662,3.328,1.993,1.676,1.045,2.457,4.371,2.434
you need to,3.624,2.139,2.408,3.91,4.178,1.843,0.0,2.434
in a world,3.007,2.377,2.408,2.793,2.089,3.071,0.0,2.434
just a dude,2.669,6.417,0.0,0.0,7.312,0.0,0.0,2.434
i will not,1.982,1.783,3.155,1.676,1.045,2.457,0.0,2.434
most of my,1.629,3.565,1.494,1.676,4.178,3.071,4.371,2.434
like to make,1.227,3.09,1.993,2.793,1.045,3.071,0.0,2.434
i wish i,1.168,2.258,2.325,1.676,2.089,3.685,13.112,2.434
and pop culture,1.038,3.328,2.242,1.117,1.045,1.843,0.0,2.434
one of those,1.008,2.615,1.827,4.468,2.089,4.299,0.0,2.434
my thoughts are,1.006,2.615,2.657,1.117,1.045,2.457,0.0,2.434
link in bio,4.687,2.496,1.494,6.144,0.0,5.528,4.371,2.394
is my life,2.985,2.615,2.408,1.676,2.089,1.843,4.371,2.394
follow me for,2.595,3.446,2.076,0.559,1.045,2.457,0.0,2.394
the end of,2.502,2.496,2.159,3.351,1.045,3.685,0.0,2.394
the rest of,2.314,3.209,2.491,1.676,0.0,0.0,0.0,2.394
from time to,1.616,3.565,1.577,2.793,4.178,0.0,8.741,2.394
working on my,1.414,2.377,2.657,2.234,4.178,0.0,0.0,2.394
with a love,1.164,2.733,1.577,3.91,5.223,3.071,4.371,2.394
star wars fan,1.036,4.754,1.494,0.559,1.045,0.0,0.0,2.394
is my passion,2.705,1.901,2.989,1.117,2.089,1.843,0.0,2.354
happily married to,2.167,3.328,1.91,3.91,0.0,0.0,4.371,2.354
i was a,1.989,1.783,2.491,2.234,3.134,4.299,0.0,2.354
happy to be,1.684,1.426,2.906,1.676,5.223,2.457,0.0,2.354
all of my,1.596,2.496,2.159,3.351,3.134,1.843,0.0,2.354
love video games,1.438,4.041,0.83,2.234,5.223,3.071,4.371,2.354
is my personal,1.299,2.496,2.408,2.234,1.045,1.843,4.371,2.354
dm me if,2.142,3.684,1.411,3.351,2.089,1.228,0.0,2.314
in a red,1.873,1.426,3.819,0.0,0.0,0.0,0.0,2.314
this is not,1.851,2.377,2.408,1.676,3.134,0.614,8.741,2.314
i have the,1.734,2.258,2.325,1.117,3.134,2.457,8.741,2.314
not to be,1.695,2.139,1.993,2.793,5.223,3.685,0.0,2.314
not reflect the,1.045,2.852,2.408,2.234,1.045,0.0,0.0,2.314
opinions expressed here,1.029,3.328,1.827,1.117,1.045,0.0,21.853,2.314
in new york,3.26,3.446,1.993,0.559,2.089,0.614,0.0,2.274
sense of humor,2.876,1.783,2.989,0.559,0.0,2.457,4.371,2.274
and trying to,1.622,2.496,2.325,1.676,3.134,0.614,4.371,2.274
a better world,1.528,2.971,1.827,2.234,4.178,0.614,4.371,2.274
some of my,1.403,2.615,1.91,3.351,4.178,0.614,4.371,2.274
streamer http //twitch,1.346,3.446,1.245,5.027,0.0,1.843,4.371,2.274
views expressed here,1.304,3.09,2.076,0.559,0.0,3.071,0.0,2.274
texas a m,3.646,3.209,2.325,0.559,0.0,0.0,0.0,2.234
to have a,3.014,1.901,2.325,3.351,2.089,1.843,4.371,2.234
need to know,2.457,2.139,2.408,2.234,2.089,1.843,0.0,2.234
want to see,2.261,2.377,1.993,1.676,2.089,4.299,0.0,2.234
i’m not a,1.894,1.426,2.408,3.91,1.045,3.685,4.371,2.234
to talk to,1.58,3.09,1.661,5.585,0.0,0.0,0.0,2.234
follow me if,1.569,3.565,1.494,2.793,1.045,0.614,4.371,2.234
i work for,1.33,3.328,1.91,0.559,1.045,0.614,8.741,2.234
formerly known as,1.24,2.496,1.411,3.91,6.268,2.457,4.371,2.234
i care about,1.21,2.139,2.159,2.793,4.178,1.843,0.0,2.234
me on instagram,4.399,1.426,2.906,1.676,1.045,1.843,4.371,2.194
lover of life,3.622,1.307,3.238,1.117,1.045,1.228,0.0,2.194
love all things,2.198,2.377,2.159,2.234,1.045,1.843,4.371,2.194
may not be,1.398,2.258,1.91,2.234,4.178,2.457,4.371,2.194
i don't have,1.282,2.852,1.91,2.234,2.089,1.228,0.0,2.194
mother of two,3.098,0.0,4.317,0.0,0.0,1.228,0.0,2.155
time not a,2.413,1.901,2.242,1.676,2.089,2.457,8.741,2.155
a lover of,2.301,2.496,2.242,2.234,1.045,0.614,0.0,2.155
i love all,2.288,2.258,2.159,2.234,2.089,0.614,8.741,2.155
gmail com for,1.868,2.496,1.245,1.676,5.223,4.913,8.741,2.155
i feel like,1.633,2.496,1.993,1.117,6.268,0.614,0.0,2.155
owner of a,1.355,2.377,2.076,1.676,4.178,1.228,0.0,2.155
also known as,1.247,2.02,2.076,1.676,0.0,5.528,0.0,2.155
my own rts,1.242,2.733,2.242,1.117,1.045,0.614,0.0,2.155
/ / /,3.174,2.377,1.827,2.234,5.223,0.614,4.371,2.115
just a simple,2.206,2.971,1.494,2.793,2.089,1.843,0.0,2.115
here to talk,2.022,2.258,2.159,2.793,1.045,1.228,0.0,2.115
you will be,1.815,3.565,1.162,1.117,4.178,1.228,4.371,2.115
in search of,1.706,2.496,2.325,1.117,1.045,0.614,0.0,2.115
out of my,1.605,1.783,2.574,0.559,2.089,1.843,4.371,2.115
in front of,1.506,2.496,1.993,2.793,1.045,1.228,0.0,2.115
of my tweets,1.486,2.733,1.744,1.676,3.134,1.843,0.0,2.115
master of none,1.438,3.209,1.494,2.793,1.045,1.228,0.0,2.115
mom to 2,1.401,0.0,4.151,0.559,0.0,1.228,0.0,2.115
a good day,1.366,2.852,1.411,3.351,0.0,3.071,4.371,2.115
my own opinion,1.355,2.615,2.242,0.0,2.089,0.614,4.371,2.115
don't know what,1.293,2.258,1.661,3.351,4.178,2.457,0.0,2.115
and raised in,5.55,2.971,1.744,1.117,0.0,1.843,4.371,2.075
i hope you,1.703,2.139,1.577,3.351,6.268,1.843,0.0,2.075
a girl who,1.563,0.475,3.653,0.0,1.045,1.843,0.0,2.075
here i am,1.46,2.258,1.827,3.91,0.0,2.457,0.0,2.075
lover of dogs,1.001,1.188,3.321,0.559,0.0,0.614,0.0,2.075
out of the,2.639,1.783,1.827,3.351,3.134,2.457,4.371,2.035
i love music,2.518,2.615,1.661,2.234,1.045,2.457,0.0,2.035
i'm here to,2.274,2.496,1.245,4.468,5.223,0.614,4.371,2.035
am not a,2.187,1.783,1.993,1.676,3.134,3.685,0.0,2.035
take care of,2.116,1.901,2.242,1.117,1.045,2.457,4.371,2.035
i also love,1.951,2.615,1.827,1.117,2.089,1.228,4.371,2.035
who wants to,1.84,3.328,0.83,1.676,5.223,2.457,4.371,2.035
like to play,1.451,2.971,1.827,0.559,1.045,1.228,0.0,2.035
to make my,1.392,3.09,1.411,1.117,5.223,0.614,0.0,2.035
new york times,1.179,2.733,2.076,0.559,1.045,0.614,0.0,2.035
just out here,1.159,1.545,2.574,1.117,0.0,1.843,8.741,2.035
more than i,1.159,2.377,2.076,1.676,1.045,1.228,0.0,2.035
video games i,1.014,3.446,1.079,1.676,3.134,1.843,0.0,2.035
add me on,3.473,3.684,0.83,1.117,3.134,1.843,4.371,1.995
you have to,3.08,1.901,1.91,3.351,2.089,1.228,4.371,1.995
in my life,2.773,1.664,1.993,3.351,3.134,1.228,4.371,1.995
is the only,2.713,2.377,1.91,1.117,0.0,2.457,4.371,1.995
all of the,1.883,1.545,1.993,3.351,1.045,3.071,4.371,1.995
in real life,1.771,2.139,1.993,1.117,0.0,3.685,0.0,1.995
a red state,1.653,1.07,3.404,0.0,0.0,0.0,0.0,1.995
don't follow me,1.449,2.733,1.494,1.676,1.045,2.457,4.371,1.995
girl with a,1.218,0.0,3.487,0.559,0.0,4.299,0.0,1.995
my free time,1.135,2.139,1.827,3.351,0.0,2.457,0.0,1.995
in the midwest,1.041,2.496,1.577,1.117,0.0,3.685,8.741,1.995
proud to be,4.307,2.02,2.242,1.676,1.045,0.614,0.0,1.955
who you are,2.652,1.901,1.993,2.234,0.0,2.457,4.371,1.955
a variety of,2.435,2.615,1.577,3.91,0.0,0.614,0.0,1.955
not a long,2.342,1.426,2.242,1.117,2.089,2.457,8.741,1.955
all kinds of,2.176,2.852,1.328,2.234,1.045,1.843,4.371,1.955
that likes to,1.293,2.852,1.079,4.468,0.0,2.457,0.0,1.955
in need of,1.198,2.02,2.325,0.559,0.0,1.843,0.0,1.955
trying to learn,1.142,3.803,1.162,0.559,1.045,0.614,0.0,1.955
i was born,3.207,2.258,1.411,1.676,4.178,2.457,4.371,1.915
check me out,3.018,2.971,1.162,1.676,2.089,1.228,8.741,1.915
in the us,2.893,2.496,1.744,1.117,3.134,0.614,0.0,1.915
as long as,2.281,2.139,1.577,1.117,2.089,3.071,8.741,1.915
i’m here to,2.202,1.664,1.993,0.0,4.178,2.457,8.741,1.915
in my bio,1.684,2.377,1.411,3.351,0.0,2.457,4.371,1.915
best i can,1.497,2.377,1.744,2.234,2.089,0.614,0.0,1.915
and a little,1.355,1.664,2.159,1.117,1.045,3.071,0.0,1.915
a love for,1.269,2.258,1.411,2.793,3.134,1.843,4.371,1.915
can be found,1.078,2.377,1.245,3.91,1.045,3.071,0.0,1.915
be the best,3.46,2.615,1.328,0.559,5.223,1.843,0.0,1.875
owner of the,1.993,2.615,1.162,2.234,3.134,1.228,8.741,1.875
me in the,1.649,1.783,2.076,1.676,2.089,1.228,0.0,1.875
to be better,1.401,2.971,1.328,0.0,5.223,0.614,0.0,1.875
trades master of,1.339,2.971,1.245,2.234,1.045,1.228,0.0,1.875
equality for all,1.297,2.02,2.325,0.559,1.045,0.0,0.0,1.875
father of 3,6.979,5.229,0.0,0.559,0.0,0.0,4.371,1.835
tweets are not,2.665,2.258,1.993,1.676,0.0,0.0,0.0,1.835
thank you for,1.73,2.139,1.744,2.793,2.089,0.0,0.0,1.835
my own retweets,1.37,2.258,1.91,0.559,1.045,0.614,4.371,1.835
and content creator,1.245,3.209,0.83,1.676,1.045,3.071,0.0,1.835
i wanna be,1.076,1.664,1.993,1.676,1.045,2.457,0.0,1.835
old enough to,1.052,2.02,1.993,1.676,2.089,0.0,0.0,1.835
for all things,4.272,1.545,2.325,1.676,0.0,0.614,0.0,1.795
make a difference,2.878,1.307,2.657,0.559,1.045,0.0,0.0,1.795
i am just,2.116,1.664,1.827,2.793,0.0,2.457,0.0,1.795
i am also,1.956,2.852,1.162,1.117,3.134,0.614,4.371,1.795
at your own,1.787,2.258,1.162,2.234,4.178,1.843,4.371,1.795
girl living in,1.752,0.0,3.487,0.559,0.0,1.228,0.0,1.795
for the people,1.616,1.901,1.827,1.676,2.089,0.614,4.371,1.795
hello my name,1.42,1.783,1.328,4.468,1.045,1.843,8.741,1.795
my way through,1.074,2.02,1.577,1.117,2.089,2.457,4.371,1.795
mother of 2,3.728,0.238,3.404,0.559,0.0,0.0,0.0,1.756
i have to,1.811,2.258,1.744,0.0,0.0,0.614,13.112,1.756
you have a,1.743,2.615,1.079,1.117,4.178,1.228,4.371,1.756
to live in,1.712,1.188,2.325,1.117,2.089,1.228,0.0,1.756
and i'm a,1.66,1.901,1.245,5.027,2.089,0.614,4.371,1.756
i need to,1.365,2.02,1.661,1.676,1.045,1.843,0.0,1.756
want to make,1.304,2.615,1.079,1.676,2.089,2.457,0.0,1.756
all trades master,1.229,2.733,1.162,2.234,1.045,1.228,0.0,1.756
looking for friends,1.181,2.733,0.996,2.234,5.223,0.0,0.0,1.756
what to put,1.069,2.258,1.162,1.117,5.223,1.843,4.371,1.756
r i p,11.057,2.02,1.494,1.676,3.134,1.228,0.0,1.716
husband father of,5.898,4.873,0.0,0.0,2.089,0.0,0.0,1.716
my youtube channel,4.338,2.733,1.328,1.117,0.0,1.228,0.0,1.716
what it is,3.953,1.188,2.325,1.117,1.045,0.0,8.741,1.716
i can do,2.906,2.139,1.661,1.676,2.089,0.0,0.0,1.716
along the way,2.285,2.615,1.328,0.559,1.045,1.843,0.0,1.716
good time not,2.243,1.07,2.076,1.117,2.089,2.457,4.371,1.716
founder of the,2.182,1.901,1.827,1.676,0.0,1.228,0.0,1.716
content creator for,2.147,3.209,0.83,1.676,3.134,0.0,0.0,1.716
i'm not a,1.815,2.02,1.577,2.234,3.134,0.0,0.0,1.716
for a better,1.754,1.901,1.91,0.559,2.089,0.614,0.0,1.716
the best i,1.501,2.377,1.494,1.676,1.045,0.614,0.0,1.716
in the south,1.306,1.426,2.325,0.559,0.0,0.614,4.371,1.716
i think i,1.254,1.188,2.242,1.117,2.089,1.228,0.0,1.716
on http //twitch,1.249,2.615,0.83,3.91,0.0,1.843,4.371,1.716
when i can,1.192,2.496,0.996,2.793,0.0,2.457,4.371,1.716
king of the,1.144,2.733,0.747,2.793,5.223,0.0,4.371,1.716
still trying to,1.096,1.545,2.242,0.559,1.045,0.614,0.0,1.716
once in a,1.074,1.426,1.91,0.0,2.089,3.685,0.0,1.716
subscribe to my,5.402,2.258,1.577,1.117,1.045,0.614,0.0,1.676
on a mission,3.312,1.783,2.076,0.559,0.0,0.614,0.0,1.676
living my best,3.076,1.07,2.076,2.793,0.0,1.843,0.0,1.676
mom of 4,2.388,0.0,2.989,2.234,0.0,1.228,0.0,1.676
as much as,2.085,2.02,1.744,0.0,2.089,1.228,0.0,1.676
i'm here for,1.734,2.139,1.411,1.117,3.134,1.228,0.0,1.676
born in the,1.673,1.901,1.411,2.234,2.089,1.228,4.371,1.676
director of the,1.635,1.545,1.993,1.117,1.045,1.228,0.0,1.676
justice for all,1.552,1.426,2.325,0.559,1.045,0.0,0.0,1.676
live in a,1.524,2.258,1.245,1.676,1.045,2.457,0.0,1.676
as i can,1.482,2.139,1.661,0.0,2.089,1.228,0.0,1.676
what i am,1.48,1.783,1.91,1.676,1.045,0.0,0.0,1.676
can find me,1.385,0.951,1.91,2.234,2.089,1.843,8.741,1.676
in the future,1.33,1.426,1.91,1.117,1.045,1.843,4.371,1.676
looking to make,1.304,3.446,0.664,1.676,2.089,0.0,0.0,1.676
listen to my,1.231,2.377,0.913,1.676,4.178,2.457,0.0,1.676
like to be,1.207,1.783,1.577,0.559,1.045,3.071,4.371,1.676
i like my,1.207,1.901,1.494,2.234,2.089,1.228,0.0,1.676
a work in,1.183,1.545,1.993,1.676,1.045,0.614,0.0,1.676
but i do,1.15,1.901,1.494,1.676,1.045,1.843,4.371,1.676
here to be,1.142,1.426,1.245,2.234,4.178,3.685,4.371,1.676
these are my,1.12,1.426,1.91,1.117,1.045,1.843,4.371,1.676
i am very,1.096,1.307,1.91,2.234,1.045,1.843,0.0,1.676
follow if you,1.03,1.664,1.079,3.351,3.134,1.843,13.112,1.676
for more info,2.489,1.307,1.494,1.676,7.312,0.614,4.371,1.636
to my best,2.441,1.426,2.408,0.0,0.0,0.0,0.0,1.636
live in the,2.404,1.664,1.993,1.117,0.0,0.614,0.0,1.636
music is my,1.98,1.426,2.159,1.676,0.0,0.0,0.0,1.636
what i like,1.921,1.545,1.661,1.676,2.089,1.228,4.371,1.636
be the change,1.726,1.426,2.159,0.0,1.045,1.228,0.0,1.636
so much more,1.701,1.07,2.076,1.676,0.0,2.457,0.0,1.636
here to have,1.657,1.783,1.328,2.234,2.089,1.228,8.741,1.636
guy who likes,1.557,4.516,0.0,0.559,2.089,0.0,0.0,1.636
what to do,1.214,2.377,1.162,0.559,0.0,3.071,4.371,1.636
trying to keep,1.177,1.426,2.159,0.0,2.089,0.614,0.0,1.636
and all the,1.172,1.545,1.744,1.117,2.089,1.228,4.371,1.636
for me to,1.163,1.307,1.661,2.234,2.089,1.228,8.741,1.636
hello i am,1.137,2.496,0.996,1.117,3.134,1.843,0.0,1.636
and have a,1.706,1.901,1.079,3.351,2.089,1.228,4.371,1.596
executive director of,1.666,1.664,1.993,0.0,0.0,1.228,0.0,1.596
check it out,1.642,2.852,0.747,0.559,3.134,1.843,0.0,1.596
youtube http //youtube,1.633,2.615,1.079,1.117,1.045,1.228,0.0,1.596
your own risk,1.613,2.02,1.079,1.676,4.178,1.228,4.371,1.596
going to be,1.572,1.188,2.076,2.793,0.0,0.0,0.0,1.596
just a small,1.44,0.713,1.993,3.351,0.0,1.843,4.371,1.596
i need a,1.258,1.901,1.411,1.676,1.045,1.843,0.0,1.596
- - -,1.148,1.307,1.079,3.351,3.134,3.685,4.371,1.596
at the intersection,1.122,1.545,1.827,1.676,1.045,0.614,0.0,1.596
b s in,1.032,1.426,1.577,1.117,2.089,3.071,0.0,1.596
discord http //discord,1.927,2.615,0.747,0.559,4.178,1.843,0.0,1.556
the only thing,1.897,1.783,1.411,0.559,4.178,1.228,0.0,1.556
to do with,1.565,1.664,1.245,1.117,0.0,4.913,0.0,1.556
i got a,1.49,1.426,1.494,2.234,2.089,1.843,0.0,1.556
with a focus,1.328,1.901,1.577,1.676,0.0,0.614,0.0,1.556
to find my,1.229,1.664,1.245,1.676,3.134,2.457,0.0,1.556
my spare time,1.199,1.901,1.328,2.793,0.0,0.614,4.371,1.556
proud owner of,1.056,2.258,0.83,1.676,3.134,2.457,0.0,1.556
twitch affiliate http,1.04,2.615,0.913,0.559,4.178,0.614,0.0,1.556
to dm me,1.027,2.258,0.913,2.793,3.134,0.614,0.0,1.556
father of 2,6.614,4.516,0.0,0.0,0.0,0.0,0.0,1.516
we are all,2.288,1.188,1.91,1.117,2.089,0.0,4.371,1.516
proud mom of,2.232,0.0,2.989,0.559,0.0,0.614,0.0,1.516
in my own,2.026,1.07,1.91,0.559,3.134,0.614,4.371,1.516
out now on,2.006,1.901,0.996,1.676,2.089,1.843,8.741,1.516
i will be,1.985,1.426,1.411,1.676,4.178,0.614,4.371,1.516
http //www twitch,1.62,2.377,0.913,1.117,2.089,1.843,0.0,1.516
let me know,1.308,2.139,0.913,2.234,4.178,0.614,0.0,1.516
instagram http //instagram,1.172,2.258,1.328,0.559,0.0,0.614,4.371,1.516
a big fan,1.161,2.258,1.328,1.117,1.045,0.0,0.0,1.516
looking for my,1.019,2.615,0.83,1.117,2.089,1.228,0.0,1.516
new york city,2.715,2.377,1.162,0.559,1.045,0.614,0.0,1.476
in los angeles,2.491,2.258,1.328,0.0,0.0,1.228,0.0,1.476
https //open spotify,2.221,2.852,0.664,1.676,1.045,0.0,4.371,1.476
no dms please,2.013,0.238,2.823,0.0,0.0,0.614,0.0,1.476
proud of it,1.726,1.664,1.245,2.793,0.0,1.228,4.371,1.476
they call me,1.631,1.783,1.162,2.793,2.089,0.614,0.0,1.476
give me a,1.521,2.377,0.996,1.117,1.045,0.614,4.371,1.476
i'm also a,1.416,2.02,1.162,1.117,1.045,0.614,8.741,1.476
a focus on,1.328,1.783,1.494,1.676,0.0,0.614,0.0,1.476
for the memes,1.313,1.783,1.577,0.559,1.045,0.614,0.0,1.476
but i love,1.214,1.426,1.577,2.234,1.045,0.0,4.371,1.476
for fun and,1.21,2.258,1.328,0.559,1.045,0.0,0.0,1.476
the things i,1.115,1.545,1.411,1.117,1.045,1.843,4.371,1.476
here to learn,1.08,1.307,1.993,0.0,1.045,0.614,0.0,1.476
in my spare,1.062,1.783,1.328,2.234,0.0,0.614,4.371,1.476
grew up in,2.281,2.139,1.411,0.0,0.0,0.614,0.0,1.436
one and only,2.075,1.901,1.328,0.0,2.089,1.228,0.0,1.436
to change the,2.039,0.951,1.993,1.117,1.045,0.614,0.0,1.436
all you need,1.721,1.307,1.744,1.676,0.0,0.614,0.0,1.436
in the middle,1.659,0.713,1.993,1.676,1.045,1.228,0.0,1.436
believer in the,1.332,1.188,1.827,0.559,0.0,1.843,0.0,1.436
know what to,1.289,1.664,1.328,0.0,4.178,0.614,4.371,1.436
on twitch and,1.249,2.02,0.83,2.793,1.045,1.228,4.371,1.436
a k a,1.214,2.852,0.664,0.0,1.045,1.228,4.371,1.436
lost in the,1.177,1.426,1.411,0.559,2.089,2.457,0.0,1.436
and i do,1.141,1.545,1.079,3.91,2.089,0.0,4.371,1.436
social studies teacher,1.122,1.901,1.494,0.559,1.045,0.0,0.0,1.436
fall in love,1.076,0.594,1.827,1.676,2.089,1.843,4.371,1.436
on twitch http,1.074,2.377,0.83,1.676,2.089,0.614,0.0,1.436
if you can,1.932,1.545,1.494,1.117,1.045,0.614,0.0,1.396
at the end,1.585,1.307,1.411,2.234,1.045,1.228,0.0,1.396
girl who loves,1.532,0.119,2.657,0.0,0.0,1.228,0.0,1.396
is the way,1.53,2.139,0.913,1.676,0.0,1.228,4.371,1.396
is just a,1.379,1.545,1.245,2.234,0.0,1.228,4.371,1.396
ig http //instagram,1.306,1.426,1.577,1.117,1.045,0.614,0.0,1.396
dm me to,1.291,1.545,1.162,1.676,4.178,0.614,0.0,1.396
lover of animals,1.074,0.238,2.574,0.0,0.0,1.228,0.0,1.396
class of 2022,2.779,2.139,1.079,0.559,2.089,0.0,0.0,1.357
a mission to,2.751,1.426,1.661,0.559,0.0,0.614,0.0,1.357
the best of,2.738,1.426,1.162,2.793,1.045,1.228,0.0,1.357
wife mom of,2.329,0.0,2.74,0.0,0.0,0.614,0.0,1.357
the world and,2.129,1.426,1.661,1.117,0.0,0.0,0.0,1.357
not a bot,1.548,1.545,1.411,1.676,0.0,0.614,0.0,1.357
you are not,1.521,1.426,1.245,1.676,2.089,1.228,0.0,1.357
in all things,1.396,0.951,1.661,0.0,3.134,1.843,0.0,1.357
to keep up,1.344,1.188,1.577,0.559,1.045,1.843,0.0,1.357
side of the,1.286,1.545,1.162,1.117,1.045,1.843,4.371,1.357
when i was,1.286,1.307,1.328,1.676,0.0,2.457,0.0,1.357
to get a,1.262,1.783,1.079,0.559,3.134,1.228,0.0,1.357
i live for,1.26,1.07,1.494,3.351,0.0,0.614,0.0,1.357
breast cancer survivor,1.245,0.0,2.74,0.0,0.0,0.614,0.0,1.357
i don't care,1.24,1.783,1.079,1.117,1.045,0.614,8.741,1.357
of all the,1.199,0.951,1.744,1.117,2.089,0.614,0.0,1.357
i am in,1.144,1.426,1.162,1.117,3.134,1.843,0.0,1.357
content creator and,1.085,2.615,0.664,1.117,2.089,0.0,0.0,1.357
striving to be,1.065,1.545,1.494,0.559,0.0,1.228,0.0,1.357
me on ig,4.426,0.713,1.827,1.117,1.045,1.228,0.0,1.317
believe in the,1.962,1.664,1.494,0.0,1.045,0.0,0.0,1.317
rts are not,1.846,1.664,1.411,0.559,0.0,0.614,0.0,1.317
only here for,1.723,0.594,1.91,1.676,0.0,1.228,0.0,1.317
end of the,1.567,1.783,0.913,1.676,1.045,1.843,0.0,1.317
to be happy,1.466,0.713,1.744,0.559,1.045,2.457,0.0,1.317
in my heart,1.394,1.188,1.494,0.559,0.0,2.457,0.0,1.317
are the best,1.308,2.02,1.162,0.0,0.0,1.228,0.0,1.317
i don’t have,1.245,1.307,1.162,3.351,1.045,0.614,0.0,1.317
no one is,1.163,1.07,1.744,1.117,1.045,0.0,0.0,1.317
see in the,1.13,1.188,1.245,1.117,2.089,2.457,0.0,1.317
to get my,1.111,1.188,1.328,1.676,1.045,1.843,0.0,1.317
a person who,1.104,1.188,0.913,3.351,2.089,2.457,0.0,1.317
to live my,1.049,0.832,1.827,1.676,1.045,0.0,0.0,1.317
and i will,2.263,1.545,1.162,1.676,1.045,0.614,0.0,1.277
get to know,2.182,1.426,1.245,1.676,2.089,0.0,0.0,1.277
guy who loves,2.066,3.446,0.0,0.0,1.045,0.0,8.741,1.277
for all the,1.782,1.07,1.577,0.559,2.089,0.614,0.0,1.277
a small town,1.684,0.594,1.744,2.234,0.0,0.614,4.371,1.277
is what i,1.653,1.664,1.411,0.0,0.0,0.614,0.0,1.277
that i am,1.591,1.07,1.661,1.117,0.0,0.614,0.0,1.277
would like to,1.589,1.426,1.079,0.559,2.089,1.843,4.371,1.277
to make you,1.401,1.188,1.494,1.676,0.0,0.0,4.371,1.277
don’t follow me,1.256,1.426,1.411,0.559,0.0,1.228,0.0,1.277
dm if you,1.139,2.258,0.332,1.676,1.045,2.457,4.371,1.277
to see in,1.139,1.188,1.245,0.559,2.089,2.457,0.0,1.277
mom of a,1.12,0.0,2.491,0.0,0.0,1.228,0.0,1.277
love me some,1.095,1.426,1.245,1.117,3.134,0.0,0.0,1.277
i know you,1.047,1.07,1.494,1.676,1.045,0.614,0.0,1.277
looking for new,1.008,1.664,0.996,1.117,2.089,1.228,0.0,1.277
love my family,6.595,1.664,1.411,0.0,0.0,0.0,0.0,1.237
child of god,4.77,0.238,2.242,0.0,0.0,1.228,0.0,1.237
goal is to,3.446,1.307,1.162,1.676,1.045,1.228,0.0,1.237
in the usa,2.553,2.02,0.996,0.559,0.0,0.614,0.0,1.237
fan of all,2.176,2.02,0.996,0.559,0.0,0.614,0.0,1.237
life is short,2.134,0.594,1.827,0.559,0.0,1.843,0.0,1.237
raised in the,1.897,1.188,1.328,0.559,0.0,1.843,4.371,1.237
do what i,1.888,0.594,1.494,1.676,1.045,1.843,4.371,1.237
http //www instagram,1.737,2.02,0.996,0.0,1.045,0.614,0.0,1.237
need to be,1.468,1.307,1.411,1.117,0.0,0.614,0.0,1.237
keep up with,1.409,1.188,1.411,0.559,1.045,1.228,0.0,1.237
and host of,1.361,2.733,0.664,0.0,0.0,0.0,0.0,1.237
years old and,1.247,1.664,0.913,1.117,1.045,1.228,4.371,1.237
with a little,1.142,0.832,1.91,0.559,0.0,0.0,0.0,1.237
and creator of,1.069,1.426,1.245,0.559,1.045,0.614,4.371,1.237
as seen on,1.051,2.139,0.747,0.559,0.0,1.843,0.0,1.237
want to do,1.034,1.664,0.913,1.117,1.045,1.228,4.371,1.237
know what i,1.006,1.307,1.328,0.559,0.0,1.228,4.371,1.237
my family and,4.213,1.307,1.411,0.559,0.0,0.614,0.0,1.197
living the dream,3.947,1.426,1.494,0.0,0.0,0.0,0.0,1.197
class of 2023,3.789,1.783,1.079,1.117,0.0,0.0,0.0,1.197
mother of 3,3.482,0.357,2.159,0.559,0.0,0.0,0.0,1.197
it is what,3.466,0.475,1.827,1.117,0.0,0.0,8.741,1.197
on all platforms,3.181,1.188,1.079,1.117,0.0,3.071,0.0,1.197
all over the,2.153,0.832,1.494,0.0,2.089,1.843,0.0,1.197
for the best,2.096,0.713,1.744,0.559,0.0,0.614,4.371,1.197
is to be,1.998,0.832,1.661,0.559,1.045,0.614,0.0,1.197
you can be,1.908,0.951,1.494,0.559,1.045,0.614,4.371,1.197
child of the,1.703,0.951,1.162,1.676,2.089,1.843,0.0,1.197
wife and mom,1.701,0.0,2.491,0.0,0.0,0.0,0.0,1.197
in the end,1.557,0.951,1.411,1.117,1.045,1.228,0.0,1.197
mom to 3,1.539,0.0,2.408,0.0,0.0,0.614,0.0,1.197
to see here,1.512,0.951,1.245,1.676,1.045,1.228,4.371,1.197
is the most,1.508,0.594,1.661,1.676,1.045,0.614,0.0,1.197
with a big,1.403,1.07,1.245,1.117,0.0,1.843,4.371,1.197
you are a,1.344,1.783,0.913,0.559,1.045,1.228,0.0,1.197
to do the,1.313,1.664,1.079,1.117,0.0,0.614,0.0,1.197
to share my,1.278,1.783,0.664,1.117,1.045,2.457,0.0,1.197
is not an,1.203,1.664,0.913,0.559,2.089,1.228,0.0,1.197
and social media,1.15,1.426,1.245,0.559,1.045,0.614,0.0,1.197
on here to,1.096,1.545,0.83,1.117,0.0,1.843,8.741,1.197
a good person,1.096,1.901,0.747,0.559,1.045,1.843,0.0,1.197
i also have,1.062,2.139,0.498,0.559,0.0,1.228,13.112,1.197
the u s,3.962,1.307,1.245,0.0,1.045,0.614,4.371,1.157
is what it,3.506,0.475,1.744,1.117,0.0,0.0,8.741,1.157
new to twitter,2.099,1.188,0.996,1.117,3.134,1.228,0.0,1.157
is better than,2.044,1.307,1.328,0.0,1.045,0.614,0.0,1.157
do what you,1.848,0.951,1.494,1.117,0.0,0.614,0.0,1.157
and have fun,1.84,1.307,1.245,0.559,0.0,1.228,0.0,1.157
the one and,1.501,1.545,1.079,0.0,2.089,0.614,0.0,1.157
are my life,1.218,1.426,1.079,0.559,0.0,0.614,8.741,1.157
will not be,1.148,1.188,1.494,0.0,0.0,0.614,0.0,1.157
oh and i,1.144,2.139,0.498,1.676,1.045,0.0,4.371,1.157
in san francisco,1.119,1.545,1.162,0.0,0.0,1.228,0.0,1.157
person of the,1.032,2.139,0.747,0.559,0.0,0.614,0.0,1.157
love my wife,2.23,1.426,0.664,1.676,1.045,1.843,4.371,1.117
father and husband,1.985,3.328,0.0,0.0,0.0,0.0,0.0,1.117
will always be,1.895,1.545,1.079,0.0,1.045,0.614,0.0,1.117
looking for the,1.839,0.951,1.328,1.676,0.0,0.0,4.371,1.117
out my youtube,1.664,2.02,0.747,1.117,0.0,0.0,0.0,1.117
love to read,1.585,0.713,1.827,0.0,0.0,0.0,0.0,1.117
dad of 2,1.545,3.209,0.0,0.0,1.045,0.0,0.0,1.117
there is a,1.482,1.545,1.079,0.559,1.045,0.0,0.0,1.117
discord https //discord,1.414,1.664,0.498,1.117,3.134,1.228,4.371,1.117
on my mind,1.392,1.426,1.079,0.0,1.045,1.228,0.0,1.117
me out on,1.359,1.664,0.747,1.676,1.045,0.614,0.0,1.117
supporter of the,1.321,1.664,1.079,0.0,1.045,0.0,0.0,1.117
not here to,1.302,0.832,1.411,0.559,0.0,1.843,0.0,1.117
not here for,1.293,0.475,1.494,1.676,0.0,1.843,0.0,1.117
leave me alone,1.28,0.713,1.079,2.234,0.0,3.071,0.0,1.117
more than a,1.196,1.426,1.245,0.0,0.0,0.0,4.371,1.117
hi i am,1.174,1.307,0.83,1.676,1.045,1.843,0.0,1.117
you follow me,1.119,1.07,1.162,0.559,1.045,0.614,8.741,1.117
ref wl share,1.111,0.951,1.245,2.234,1.045,0.0,0.0,1.117
red sox fan,1.104,0.713,1.661,0.0,0.0,1.228,0.0,1.117
don't want to,1.091,0.951,1.079,0.559,0.0,3.071,4.371,1.117
are my opinions,1.091,1.545,1.079,0.0,1.045,0.614,0.0,1.117
im just a,1.025,0.594,1.079,2.234,4.178,1.228,0.0,1.117
check out the,2.255,1.07,1.245,0.559,0.0,0.0,8.741,1.077
to the world,2.164,1.545,0.664,2.234,0.0,1.228,0.0,1.077
my wife and,1.971,1.901,0.581,1.117,0.0,0.614,4.371,1.077
a part of,1.886,1.307,1.162,1.117,0.0,0.0,0.0,1.077
born raised in,1.668,1.188,1.328,0.0,0.0,0.614,0.0,1.077
husband and dad,1.642,3.209,0.0,0.0,0.0,0.0,0.0,1.077
up in the,1.414,0.832,1.411,1.117,0.0,0.614,0.0,1.077
ohio state university,1.376,0.951,1.411,0.0,1.045,0.614,0.0,1.077
adult content creator,1.289,0.832,0.913,2.234,4.178,0.614,0.0,1.077
of the universe,1.258,1.188,0.996,0.559,2.089,1.228,0.0,1.077
to be in,1.247,0.951,0.996,1.676,1.045,1.843,0.0,1.077
a place to,1.216,1.426,0.83,1.117,0.0,1.843,0.0,1.077
teacher of the,1.163,0.832,1.661,0.0,0.0,0.0,0.0,1.077
the bay area,1.104,1.901,0.664,0.0,1.045,1.228,0.0,1.077
for the love,1.1,0.832,1.328,0.559,1.045,0.614,4.371,1.077
one of my,1.043,0.713,1.245,0.559,2.089,1.843,0.0,1.077
the little things,1.027,0.832,1.494,0.559,0.0,0.614,0.0,1.077
we are the,5.328,1.188,0.996,0.0,0.0,2.457,0.0,1.037
the future of,3.023,1.545,0.913,0.0,1.045,0.614,0.0,1.037
here to help,2.946,1.426,0.664,1.676,0.0,1.843,0.0,1.037
have some fun,2.362,1.426,0.498,0.559,3.134,2.457,0.0,1.037
to know me,2.331,1.07,1.328,0.559,0.0,0.0,0.0,1.037
just a regular,2.202,2.377,0.249,1.117,0.0,0.614,0.0,1.037
to an amazing,1.888,1.664,0.913,0.0,0.0,0.614,0.0,1.037
i am here,1.82,1.545,0.747,0.559,0.0,1.843,0.0,1.037
life in the,1.631,0.594,1.411,1.676,0.0,0.614,0.0,1.037
in life is,1.587,1.188,1.162,0.0,2.089,0.0,0.0,1.037
for those who,1.581,1.07,0.996,1.117,1.045,0.614,4.371,1.037
have to be,1.545,1.07,1.079,1.117,2.089,0.0,0.0,1.037
make it in,1.436,1.188,0.664,1.676,2.089,1.843,0.0,1.037
boston sports fan,1.429,1.664,0.996,0.0,0.0,0.0,0.0,1.037
you don't like,1.363,0.832,1.162,0.559,1.045,1.228,4.371,1.037
the only way,1.344,0.832,0.913,3.351,0.0,1.228,0.0,1.037
and proud of,1.335,1.307,0.747,2.793,0.0,0.614,0.0,1.037
the link to,1.282,0.951,1.079,0.559,1.045,1.843,0.0,1.037
on the beach,1.254,1.188,0.581,2.793,1.045,1.843,0.0,1.037
is my only,1.21,0.832,0.996,1.117,1.045,2.457,0.0,1.037
and author of,1.157,1.426,0.747,1.117,0.0,1.228,4.371,1.037
you are the,1.153,0.594,1.411,0.0,2.089,1.228,0.0,1.037
tweet at a,1.139,1.307,0.913,0.559,2.089,0.0,4.371,1.037
mom of three,1.135,0.0,2.159,0.0,0.0,0.0,0.0,1.037
to my twitter,1.102,1.545,0.664,2.234,1.045,0.0,0.0,1.037
a full time,1.082,0.594,1.411,1.117,0.0,1.228,0.0,1.037
small town girl,1.073,0.119,1.91,0.559,0.0,0.614,0.0,1.037
lover of nature,1.018,0.594,1.577,0.559,0.0,0.614,0.0,1.037
the official twitter,22.389,2.139,0.332,0.559,1.045,0.0,4.371,0.997
official twitter of,10.748,1.901,0.498,0.559,1.045,0.614,0.0,0.997
to the fullest,6.794,1.307,1.079,0.559,0.0,0.0,0.0,0.997
life to the,6.081,1.426,0.913,0.559,0.0,0.614,0.0,0.997
the united states,4.687,1.545,0.83,1.117,0.0,0.0,0.0,0.997
i have been,2.288,1.783,0.83,0.0,0.0,0.0,0.0,0.997
wife and mother,1.802,0.0,2.076,0.0,0.0,0.0,0.0,0.997
and founder of,1.774,1.426,0.581,0.0,3.134,1.843,0.0,0.997
a collection of,1.625,0.951,1.079,1.676,1.045,0.0,0.0,0.997
just an average,1.578,1.783,0.581,1.117,0.0,0.0,4.371,0.997
the world one,1.526,1.07,1.079,1.117,0.0,0.0,4.371,0.997
this page is,1.506,1.188,0.664,1.676,1.045,1.228,4.371,0.997
guy with a,1.488,2.852,0.083,0.0,0.0,0.0,0.0,0.997
the world to,1.405,0.832,1.079,1.117,2.089,0.614,0.0,0.997
born and bred,1.389,0.832,1.245,0.0,0.0,1.843,0.0,0.997
nothing to see,1.35,0.594,1.162,1.117,1.045,1.228,4.371,0.997
don't have to,1.256,1.07,0.83,1.117,2.089,1.228,0.0,0.997
a world of,1.22,1.188,0.83,1.676,0.0,1.228,0.0,0.997
waiting for the,1.115,1.664,0.83,0.0,1.045,0.0,0.0,0.997
and so much,1.084,0.713,1.328,0.559,0.0,1.228,0.0,0.997
in the link,1.069,1.307,0.581,1.676,0.0,2.457,0.0,0.997
i love animals,1.054,0.119,1.827,0.0,0.0,1.228,0.0,0.997
of my favorite,1.001,0.832,1.328,0.559,1.045,0.0,0.0,0.997
follower of jesus,5.165,1.426,0.913,0.559,0.0,0.0,0.0,0.958
the city of,3.251,0.951,1.328,0.0,0.0,0.0,0.0,0.958
the world of,2.738,1.188,0.747,1.117,1.045,0.614,4.371,0.958
the state of,2.582,1.188,0.664,1.676,1.045,1.228,0.0,0.958
all the way,2.277,0.832,1.328,0.559,0.0,0.0,0.0,0.958
wife mother of,2.061,0.0,1.993,0.0,0.0,0.0,0.0,0.958
what you want,2.052,0.713,1.162,0.0,0.0,2.457,0.0,0.958
all about the,1.807,1.307,0.913,0.559,0.0,0.614,0.0,0.958
the art of,1.778,1.783,0.664,0.0,0.0,0.614,0.0,0.958
the ohio state,1.55,1.188,1.079,0.0,1.045,0.0,0.0,0.958
is in the,1.528,1.188,0.581,1.676,1.045,1.843,0.0,0.958
university of texas,1.499,1.07,1.245,0.0,0.0,0.0,0.0,0.958
of the day,1.431,1.188,0.747,1.117,3.134,0.0,0.0,0.958
of all time,1.335,1.426,0.747,1.676,0.0,0.0,0.0,0.958
life is to,1.317,0.475,1.411,0.559,2.089,0.0,0.0,0.958
i do it,1.291,1.188,0.83,1.117,0.0,1.228,0.0,0.958
i don’t care,1.26,0.832,1.162,0.0,0.0,0.614,8.741,0.958
till i die,1.242,1.188,0.664,0.559,2.089,1.228,4.371,0.958
and a good,1.236,0.713,1.079,0.559,2.089,1.228,0.0,0.958
what you love,1.22,1.07,1.245,0.0,0.0,0.0,0.0,0.958
to find the,1.22,0.951,1.079,1.117,0.0,0.614,0.0,0.958
you don’t like,1.183,1.07,0.83,1.676,0.0,1.228,0.0,0.958
not an endorsement,1.168,1.901,0.415,0.559,0.0,1.228,0.0,0.958
you know what,1.157,1.426,0.83,0.0,1.045,0.614,0.0,0.958
here to share,1.018,1.545,0.581,1.117,1.045,0.614,0.0,0.958
and many more,1.006,1.07,0.996,0.559,1.045,0.614,0.0,0.958
in the universe,1.005,2.02,0.332,0.0,2.089,0.614,0.0,0.958
and father of,3.267,2.496,0.166,0.0,0.0,0.0,0.0,0.918
no matter what,2.033,1.426,0.747,0.0,0.0,1.228,0.0,0.918
things in life,2.022,1.07,0.913,0.559,0.0,1.228,0.0,0.918
a member of,1.923,1.545,0.332,1.676,2.089,0.614,0.0,0.918
here for fun,1.815,2.02,0.249,0.0,0.0,1.843,0.0,0.918
me and my,1.752,0.951,0.747,0.559,2.089,1.843,0.0,0.918
life one day,1.627,0.594,0.913,1.117,3.134,0.614,4.371,0.918
air force veteran,1.429,1.426,0.747,0.559,0.0,0.614,0.0,0.918
special education teacher,1.357,0.594,1.411,0.0,0.0,0.0,4.371,0.918
would love to,1.317,1.426,0.581,0.559,2.089,0.614,0.0,0.918
the way i,1.26,1.07,0.913,0.559,1.045,0.614,0.0,0.918
to follow me,1.243,1.426,0.581,1.117,0.0,1.228,0.0,0.918
up and coming,1.229,1.664,0.249,1.117,0.0,2.457,0.0,0.918
the right thing,1.185,1.307,0.83,0.0,0.0,0.614,4.371,0.918
i love it,1.168,0.713,1.079,1.117,0.0,1.228,0.0,0.918
is not the,1.108,0.832,1.245,0.0,0.0,0.0,4.371,0.918
you know the,1.098,1.188,0.913,0.559,0.0,0.614,0.0,0.918
that is all,1.074,0.713,1.245,0.0,1.045,0.0,4.371,0.918
to live a,1.073,1.188,0.996,0.559,0.0,0.0,0.0,0.918
the name of,1.056,1.426,0.581,0.559,0.0,1.843,0.0,0.918
proud supporter of,1.023,1.188,0.747,2.234,0.0,0.0,0.0,0.918
with my wife,1.014,1.901,0.249,0.559,1.045,1.228,0.0,0.918
trying to stay,1.005,0.951,0.996,1.676,0.0,0.0,0.0,0.918
this account for,5.347,1.188,0.415,0.559,3.134,1.843,0.0,0.878
proud father of,3.883,2.377,0.0,1.117,0.0,0.0,0.0,0.878
of the most,2.92,1.07,0.996,0.559,0.0,0.0,0.0,0.878
life is good,2.694,0.594,1.162,0.559,2.089,0.0,0.0,0.878
follow me i,2.38,0.594,0.996,0.0,2.089,1.843,0.0,0.878
want to know,2.222,0.951,0.913,1.117,0.0,0.614,0.0,0.878
call of duty,2.173,1.545,0.664,0.559,0.0,0.0,0.0,0.878
live laugh love,1.91,0.594,0.747,1.676,1.045,2.457,0.0,0.878
the new york,1.697,1.664,0.498,0.559,0.0,0.0,4.371,0.878
my life and,1.622,0.594,1.079,0.559,1.045,1.228,0.0,0.878
of the people,1.471,1.307,0.498,1.117,2.089,0.614,0.0,0.878
and owner of,1.449,0.951,0.747,1.117,2.089,0.614,0.0,0.878
mother of three,1.359,0.0,1.744,0.0,0.0,0.614,0.0,0.878
to the love,1.265,1.07,0.83,1.676,0.0,0.0,0.0,0.878
leader of the,1.177,1.664,0.415,0.559,0.0,1.228,0.0,0.878
rock and roll,1.1,1.188,0.913,0.0,1.045,0.0,0.0,0.878
like what i,1.093,1.545,0.581,0.559,0.0,0.614,0.0,0.878
a great day,1.087,0.713,0.83,1.117,2.089,0.0,8.741,0.878
me i am,1.019,0.357,0.913,2.793,1.045,1.228,0.0,0.878
a world where,1.003,0.832,0.996,1.117,0.0,0.614,0.0,0.878
official twitter account,22.42,1.545,0.415,1.117,0.0,0.0,4.371,0.838
of jesus christ,4.463,0.951,0.747,0.559,0.0,1.843,0.0,0.838
father of 4,3.556,2.377,0.083,0.0,0.0,0.0,0.0,0.838
just a man,1.831,2.377,0.0,0.0,1.045,0.0,0.0,0.838
just living life,1.697,1.188,0.664,0.559,0.0,1.228,0.0,0.838
me on my,1.692,0.238,0.996,1.676,2.089,1.228,0.0,0.838
just a kid,1.495,1.307,0.332,0.0,3.134,1.843,0.0,0.838
the link in,1.398,0.475,0.996,1.676,0.0,0.614,4.371,0.838
new to this,1.262,1.307,0.498,0.559,3.134,0.0,0.0,0.838
have a great,1.26,1.07,0.498,1.676,2.089,0.0,4.371,0.838
you don't have,1.238,0.713,0.83,1.117,2.089,0.614,0.0,0.838
are my opinion,1.186,1.307,0.83,0.0,0.0,0.0,0.0,0.838
do it for,1.179,0.832,0.83,0.559,1.045,1.228,0.0,0.838
if you can't,1.175,0.951,0.996,0.559,0.0,0.0,0.0,0.838
on a journey,1.139,1.426,0.498,0.559,1.045,0.614,0.0,0.838
i will never,1.139,0.475,0.83,2.234,0.0,1.228,4.371,0.838
and loving it,1.113,1.307,0.498,1.117,0.0,0.614,4.371,0.838
to get to,1.096,0.951,0.664,1.117,3.134,0.0,0.0,0.838
my old account,1.056,0.951,0.747,0.559,1.045,1.228,0.0,0.838
makes you happy,1.04,0.832,0.83,0.559,1.045,0.614,4.371,0.838
me to be,1.036,0.832,0.664,1.117,0.0,1.843,4.371,0.838
father of three,2.498,2.377,0.0,0.0,0.0,0.0,0.0,0.798
to the best,2.085,0.594,0.913,0.559,1.045,0.614,4.371,0.798
rest in peace,1.892,0.832,0.747,0.559,1.045,1.228,0.0,0.798
living my life,1.805,0.713,0.913,0.559,0.0,0.0,8.741,0.798
what you see,1.596,0.832,0.83,0.559,0.0,0.0,8.741,0.798
you can do,1.546,0.594,0.996,1.117,1.045,0.0,0.0,0.798
in the city,1.469,1.07,0.747,0.559,0.0,0.0,4.371,0.798
be able to,1.396,0.832,0.747,0.559,0.0,1.843,0.0,0.798
philly sports fan,1.341,1.307,0.664,0.0,0.0,0.614,0.0,0.798
to live life,1.324,0.713,0.996,1.117,0.0,0.0,0.0,0.798
just a normal,1.319,1.307,0.581,0.559,1.045,0.0,0.0,0.798
love to play,1.315,1.07,0.747,0.559,1.045,0.0,0.0,0.798
link in my,1.28,0.475,0.913,1.117,0.0,1.228,4.371,0.798
of your life,1.225,0.951,0.913,0.0,0.0,0.614,0.0,0.798
the future is,1.21,0.951,0.747,0.0,1.045,1.228,0.0,0.798
new to the,1.209,1.07,0.664,0.559,0.0,1.228,0.0,0.798
doing what i,1.117,1.188,0.581,0.559,2.089,0.0,0.0,0.798
daughter sister friend,1.106,0.0,1.577,0.559,0.0,0.0,0.0,0.798
what makes you,1.102,0.951,0.747,0.0,1.045,0.614,4.371,0.798
the change you,1.063,0.475,1.162,0.0,1.045,0.614,0.0,0.798
no one can,1.052,0.594,0.996,1.676,0.0,0.0,0.0,0.798
am also a,1.045,1.664,0.415,0.0,1.045,0.0,0.0,0.798
to see what,1.012,0.594,0.913,0.559,0.0,1.843,0.0,0.798
account for the,5.92,0.594,0.83,0.0,2.089,1.228,0.0,0.758
and much more,1.919,0.713,0.83,0.559,0.0,1.228,0.0,0.758
i am me,1.471,1.07,0.581,1.117,0.0,0.614,0.0,0.758
good vibes only,1.433,1.188,0.415,0.559,0.0,1.843,0.0,0.758
most of all,1.431,0.951,0.498,1.117,1.045,0.0,8.741,0.758
that loves to,1.431,0.832,0.747,0.559,0.0,0.614,4.371,0.758
student of life,1.389,0.475,1.245,0.0,0.0,0.0,0.0,0.758
citizen of the,1.341,0.832,0.83,0.0,1.045,0.614,0.0,0.758
love is the,1.153,0.951,0.83,0.559,0.0,0.0,0.0,0.758
on my own,1.15,0.713,0.581,1.676,1.045,1.228,0.0,0.758
rock n roll,1.148,0.475,0.996,0.559,0.0,0.614,4.371,0.758
university of kentucky,1.122,1.188,0.747,0.0,0.0,0.0,0.0,0.758
vice president of,1.122,0.594,0.913,0.559,0.0,1.228,0.0,0.758
school of medicine,1.069,0.832,0.913,0.0,1.045,0.0,0.0,0.758
founder ceo of,1.063,0.832,0.913,0.0,1.045,0.0,0.0,0.758
advocate for the,1.058,0.713,1.079,0.0,0.0,0.0,0.0,0.758
to do it,1.051,1.188,0.498,1.676,0.0,0.0,0.0,0.758
ceo of the,1.049,0.713,0.996,0.0,0.0,0.614,0.0,0.758
just having fun,1.034,1.07,0.415,0.559,2.089,0.614,4.371,0.758
twitter account for,10.001,1.07,0.581,1.117,0.0,0.0,0.0,0.718
at http //www,2.099,0.832,0.747,0.0,1.045,0.614,0.0,0.718
life is too,1.818,0.832,0.83,0.0,0.0,0.614,0.0,0.718
is too short,1.708,0.713,0.913,0.0,0.0,0.614,0.0,0.718
have fun and,1.695,1.07,0.249,1.676,2.089,0.0,4.371,0.718
is the greatest,1.545,0.951,0.83,0.0,0.0,0.0,0.0,0.718
you make it,1.451,0.594,1.079,0.0,0.0,0.0,0.0,0.718
looking forward to,1.398,0.951,0.664,0.559,0.0,0.0,4.371,0.718
too short to,1.385,0.475,0.913,0.0,1.045,1.228,0.0,0.718
i do what,1.306,0.357,0.996,1.117,0.0,0.614,0.0,0.718
man with a,1.262,1.901,0.083,0.559,0.0,0.0,0.0,0.718
in the morning,1.22,1.07,0.664,0.0,1.045,0.0,0.0,0.718
son of a,1.209,1.783,0.166,0.559,0.0,0.0,0.0,0.718
the best way,1.201,0.713,0.747,0.559,1.045,0.614,0.0,0.718
we are not,1.181,0.357,0.996,0.559,1.045,0.614,0.0,0.718
man trying to,1.177,1.901,0.0,0.0,2.089,0.0,0.0,0.718
daughter of the,1.161,0.119,1.328,0.0,0.0,0.614,0.0,0.718
founder of http,1.034,1.188,0.664,0.0,0.0,0.0,0.0,0.718
home of the,6.9,0.594,0.498,1.117,2.089,0.614,4.371,0.678
follower of christ,5.453,1.07,0.498,0.0,1.045,0.614,0.0,0.678
to the moon,2.5,0.357,0.913,1.117,1.045,0.0,0.0,0.678
is what you,2.16,0.594,0.913,0.0,0.0,0.0,4.371,0.678
guy trying to,1.754,2.02,0.0,0.0,0.0,0.0,0.0,0.678
us army veteran,1.75,0.832,0.747,0.559,0.0,0.0,0.0,0.678
and love to,1.662,0.357,0.747,1.676,1.045,0.0,4.371,0.678
now living in,1.532,1.188,0.415,0.559,0.0,0.0,4.371,0.678
friends and family,1.48,1.07,0.581,0.0,1.045,0.0,0.0,0.678
sports fan and,1.407,1.426,0.249,0.559,1.045,0.0,0.0,0.678
to help people,1.37,1.307,0.498,0.0,0.0,0.0,0.0,0.678
looking for some,1.284,1.307,0.415,0.559,0.0,0.0,0.0,0.678
and if you,1.278,0.475,0.83,0.559,1.045,0.614,0.0,0.678
back to the,1.253,0.832,0.83,0.0,0.0,0.0,0.0,0.678
on the way,1.242,0.594,0.747,0.0,1.045,1.228,0.0,0.678
meet new people,1.188,1.426,0.332,0.0,1.045,0.0,0.0,0.678
for you to,1.181,0.713,0.332,2.793,1.045,0.614,0.0,0.678
my life i,1.159,0.475,0.913,0.559,1.045,0.0,0.0,0.678
meant to be,1.117,0.594,0.83,1.117,0.0,0.0,0.0,0.678
i love being,1.113,0.713,0.664,0.559,1.045,0.614,0.0,0.678
to meet new,1.091,1.188,0.332,0.559,1.045,0.614,0.0,0.678
if you do,1.082,0.475,1.079,0.0,0.0,0.0,0.0,0.678
the land of,1.073,0.951,0.581,1.117,0.0,0.0,0.0,0.678
wife of a,1.032,0.0,1.245,0.559,0.0,0.614,0.0,0.678
d m v,1.025,0.594,0.664,1.117,0.0,1.228,0.0,0.678
sub to my,1.006,0.357,0.747,0.0,0.0,3.071,0.0,0.678
green bay packers,1.853,1.07,0.581,0.0,0.0,0.0,0.0,0.638
some of the,1.662,1.07,0.415,0.0,0.0,1.228,0.0,0.638
to create a,1.445,0.475,0.581,1.676,0.0,1.228,0.0,0.638
just for fun,1.423,0.832,0.415,0.559,1.045,0.614,4.371,0.638
a simple man,1.355,1.545,0.0,0.0,2.089,0.0,4.371,0.638
day by day,1.319,0.594,0.581,1.676,0.0,0.614,0.0,0.638
the most beautiful,1.3,0.357,0.747,1.117,0.0,1.228,0.0,0.638
the way you,1.264,0.357,0.913,0.559,0.0,0.614,0.0,0.638
who believes in,1.207,0.713,0.747,0.0,1.045,0.0,0.0,0.638
is going to,1.119,0.832,0.498,0.559,1.045,0.614,0.0,0.638
and having fun,1.058,0.951,0.581,0.0,0.0,0.614,0.0,0.638
we live in,1.032,1.07,0.332,0.559,0.0,0.614,4.371,0.638
family and friends,3.482,0.594,0.83,0.0,0.0,0.0,0.0,0.598
u s army,3.312,1.188,0.415,0.0,0.0,0.0,0.0,0.598
to my youtube,2.996,0.832,0.498,0.559,0.0,0.614,0.0,0.598
of the best,2.863,0.832,0.415,0.0,0.0,1.228,4.371,0.598
fan for life,2.428,0.594,0.747,0.559,0.0,0.0,0.0,0.598
i am who,2.037,0.594,0.664,0.559,0.0,0.0,4.371,0.598
i love jesus,1.982,0.475,0.913,0.0,0.0,0.0,0.0,0.598
to the most,1.952,0.594,0.83,0.0,0.0,0.0,0.0,0.598
and ceo of,1.712,0.832,0.581,0.559,0.0,0.0,0.0,0.598
dad of 3,1.633,1.783,0.0,0.0,0.0,0.0,0.0,0.598
based out of,1.625,1.188,0.249,0.559,1.045,0.0,0.0,0.598
for a reason,1.62,0.475,0.913,0.0,0.0,0.0,0.0,0.598
sign up for,1.596,0.832,0.581,0.0,0.0,0.614,0.0,0.598
for all of,1.587,0.951,0.498,0.0,0.0,0.614,0.0,0.598
to learn more,1.552,0.594,0.664,0.0,0.0,1.228,0.0,0.598
and of course,1.407,0.951,0.581,0.0,0.0,0.0,0.0,0.598
for the next,1.346,0.594,0.581,1.117,0.0,0.614,0.0,0.598
learn how to,1.339,1.07,0.332,0.0,2.089,0.0,0.0,0.598
and the world,1.278,0.357,0.664,1.117,0.0,1.228,0.0,0.598
music is life,1.203,0.594,0.747,0.559,0.0,0.0,0.0,0.598
meeting new people,1.166,0.951,0.332,1.117,0.0,0.614,0.0,0.598
what i love,1.142,0.357,0.664,1.676,1.045,0.0,0.0,0.598
link below to,1.133,0.357,0.581,0.0,2.089,1.843,0.0,0.598
follow my instagram,1.131,0.832,0.498,0.0,1.045,0.0,4.371,0.598
do the same,1.091,0.832,0.664,0.0,0.0,0.0,0.0,0.598
peace love and,1.045,0.713,0.415,0.559,2.089,0.614,0.0,0.598
give a fuck,1.029,0.713,0.415,1.676,1.045,0.0,0.0,0.598
but if you,1.008,0.475,0.664,0.559,0.0,0.614,4.371,0.598
out now link,1.001,0.951,0.249,1.676,0.0,0.614,0.0,0.598
around the world,4.502,0.594,0.498,0.0,1.045,1.228,0.0,0.559
husband to a,1.8,1.664,0.0,0.0,0.0,0.0,0.0,0.559
to see the,1.666,0.832,0.498,0.0,0.0,0.614,0.0,0.559
to a beautiful,1.659,0.951,0.498,0.0,0.0,0.0,0.0,0.559
in your life,1.284,0.713,0.581,0.559,0.0,0.0,0.0,0.559
no matter how,1.282,0.594,0.664,0.0,0.0,0.614,0.0,0.559
live my life,1.271,0.475,0.664,0.0,2.089,0.0,0.0,0.559
university of south,1.221,0.475,0.747,0.0,1.045,0.0,0.0,0.559
to help others,1.203,0.713,0.415,0.559,1.045,0.0,4.371,0.559
wife mom and,1.183,0.0,1.162,0.0,0.0,0.0,0.0,0.559
with the world,1.172,1.07,0.249,0.0,0.0,1.228,0.0,0.559
seeker of truth,1.102,0.357,0.83,0.0,0.0,0.0,4.371,0.559
the right to,1.093,0.475,0.581,0.559,0.0,1.228,0.0,0.559
you don't know,1.08,0.832,0.332,0.559,2.089,0.0,0.0,0.559
life long learner,1.043,0.475,0.747,0.0,0.0,0.614,0.0,0.559
to get the,1.019,0.357,0.83,0.559,0.0,0.0,0.0,0.559
twitter account of,13.691,1.307,0.083,0.559,0.0,0.0,0.0,0.519
official account of,6.125,0.475,0.498,0.559,1.045,0.0,4.371,0.519
husband father and,3.655,1.545,0.0,0.0,0.0,0.0,0.0,0.519
check out our,3.049,0.475,0.664,0.0,0.0,0.614,0.0,0.519
down to earth,2.641,0.238,0.581,1.676,1.045,0.0,0.0,0.519
love to travel,2.48,0.475,0.664,0.0,1.045,0.0,0.0,0.519
am who i,1.899,0.594,0.498,0.559,0.0,0.0,4.371,0.519
mother of 4,1.635,0.0,1.079,0.0,0.0,0.0,0.0,0.519
in las vegas,1.616,0.832,0.415,0.559,0.0,0.0,0.0,0.519
in the u,1.607,0.713,0.415,0.0,1.045,0.614,0.0,0.519
the voice of,1.44,0.832,0.415,0.559,0.0,0.0,0.0,0.519
so you can,1.409,0.594,0.664,0.0,0.0,0.0,0.0,0.519
we have a,1.389,0.475,0.747,0.0,0.0,0.0,0.0,0.519
of life and,1.366,0.475,0.664,0.0,0.0,0.0,4.371,0.519
over the world,1.355,0.475,0.747,0.0,0.0,0.0,0.0,0.519
to a wonderful,1.251,0.951,0.415,0.0,0.0,0.0,0.0,0.519
just looking for,1.223,0.951,0.249,1.117,0.0,0.0,0.0,0.519
student of the,1.22,0.832,0.415,0.0,0.0,0.614,0.0,0.519
father of a,1.201,1.307,0.0,0.559,1.045,0.0,0.0,0.519
i help people,1.19,0.951,0.332,0.0,0.0,0.614,0.0,0.519
you think you,1.188,0.713,0.332,0.559,0.0,1.228,0.0,0.519
and mother of,1.172,0.119,0.747,0.559,0.0,1.228,0.0,0.519
who loves the,1.161,0.475,0.581,0.559,0.0,0.614,0.0,0.519
social media marketing,1.152,0.119,0.913,0.559,0.0,0.0,0.0,0.519
u s a,1.104,0.475,0.747,0.0,0.0,0.0,0.0,0.519
youtube https //www,1.078,0.832,0.249,0.559,2.089,0.0,0.0,0.519
join me on,1.078,0.357,0.581,1.117,1.045,0.0,0.0,0.519
proud mother of,1.074,0.119,0.996,0.0,0.0,0.0,0.0,0.519
the people of,1.071,0.951,0.332,0.559,0.0,0.0,0.0,0.519
of the game,1.038,0.951,0.166,0.0,0.0,0.614,8.741,0.519
go pack go,1.021,0.713,0.581,0.0,0.0,0.0,0.0,0.519
official twitter for,3.796,1.07,0.083,1.117,0.0,0.0,0.0,0.479
the heart of,3.067,0.713,0.498,0.0,0.0,0.0,0.0,0.479
years of experience,2.509,0.713,0.083,2.234,0.0,0.614,0.0,0.479
never give up,2.391,0.594,0.332,0.559,0.0,1.228,0.0,0.479
of the university,1.749,1.07,0.249,0.0,0.0,0.0,0.0,0.479
hall of fame,1.625,0.832,0.332,0.0,0.0,0.614,0.0,0.479
the grace of,1.592,0.832,0.249,0.0,0.0,1.228,0.0,0.479
to build a,1.477,0.832,0.332,0.0,1.045,0.0,0.0,0.479
is like a,1.468,0.238,0.415,1.117,3.134,0.0,0.0,0.479
for the future,1.434,0.594,0.498,0.559,0.0,0.0,0.0,0.479
a man who,1.355,1.307,0.0,0.0,1.045,0.0,0.0,0.479
now on all,1.346,0.713,0.332,0.0,1.045,0.0,4.371,0.479
to those who,1.322,0.713,0.415,0.0,0.0,0.614,0.0,0.479
i like sports,1.269,0.594,0.332,0.559,1.045,0.614,0.0,0.479
everything in between,1.258,0.832,0.415,0.0,0.0,0.0,0.0,0.479
on the road,1.227,0.119,0.581,1.676,1.045,0.0,0.0,0.479
the life of,1.186,0.594,0.498,0.559,0.0,0.0,0.0,0.479
on all streaming,1.177,0.475,0.249,0.0,2.089,1.228,4.371,0.479
it comes to,1.166,0.594,0.415,0.559,1.045,0.0,0.0,0.479
not looking for,1.141,0.357,0.581,0.559,1.045,0.0,0.0,0.479
to my onlyfans,1.135,0.475,0.581,0.0,0.0,0.614,0.0,0.479
of new york,1.133,0.594,0.581,0.0,0.0,0.0,0.0,0.479
is all about,1.115,0.238,0.498,0.0,2.089,0.0,8.741,0.479
will be the,1.109,0.832,0.249,0.559,1.045,0.0,0.0,0.479
it's all about,1.047,0.713,0.332,0.559,0.0,0.614,0.0,0.479
i'm just me,1.045,0.357,0.498,0.559,1.045,0.614,0.0,0.479
life is like,1.036,0.357,0.415,0.559,2.089,0.614,0.0,0.479
a way to,1.016,0.594,0.581,0.0,0.0,0.0,0.0,0.479
to help you,3.927,0.713,0.166,1.117,0.0,0.614,0.0,0.439
husband father grandfather,2.893,1.307,0.0,0.0,0.0,0.0,0.0,0.439
living life to,2.525,0.594,0.332,0.0,0.0,1.228,0.0,0.439
wife mother grandmother,2.255,0.0,0.913,0.0,0.0,0.0,0.0,0.439
of the united,1.73,0.713,0.166,1.117,0.0,0.614,0.0,0.439
live your life,1.686,0.238,0.581,1.117,0.0,0.0,0.0,0.439
me and i,1.653,0.119,0.581,0.559,0.0,1.228,0.0,0.439
in order to,1.618,0.475,0.498,0.559,0.0,0.0,0.0,0.439
all types of,1.594,0.475,0.415,0.559,1.045,0.0,0.0,0.439
trust the process,1.48,0.713,0.415,0.0,0.0,0.0,0.0,0.439
gmail com ig,1.438,0.357,0.498,0.0,0.0,1.228,0.0,0.439
the next generation,1.431,0.357,0.581,0.0,0.0,0.614,0.0,0.439
by the grace,1.387,0.832,0.166,0.0,0.0,1.228,0.0,0.439
in the state,1.376,0.475,0.249,1.117,2.089,0.0,0.0,0.439
with the best,1.295,0.475,0.498,0.559,0.0,0.0,0.0,0.439
my goal is,1.282,0.475,0.415,0.559,0.0,0.614,0.0,0.439
positive vibes only,1.271,0.238,0.747,0.0,0.0,0.0,0.0,0.439
when it comes,1.265,0.475,0.415,0.559,1.045,0.0,0.0,0.439
on the planet,1.251,0.475,0.498,0.0,0.0,0.0,4.371,0.439
father of four,1.242,1.307,0.0,0.0,0.0,0.0,0.0,0.439
married father of,1.229,1.307,0.0,0.0,0.0,0.0,0.0,0.439
just a young,1.194,0.713,0.332,0.559,0.0,0.0,0.0,0.439
was born in,1.194,0.713,0.332,0.559,0.0,0.0,0.0,0.439
what we do,1.17,0.238,0.664,0.559,0.0,0.0,0.0,0.439
it is a,1.13,0.357,0.332,0.0,2.089,0.614,4.371,0.439
lover of jesus,1.108,0.357,0.664,0.0,0.0,0.0,0.0,0.439
in the moment,1.063,0.238,0.581,0.559,0.0,0.614,0.0,0.439
mother of a,1.027,0.0,0.747,0.0,0.0,1.228,0.0,0.439
it to the,1.025,0.357,0.498,0.0,2.089,0.0,0.0,0.439
at https //www,1.023,0.832,0.249,0.559,0.0,0.0,0.0,0.439
and you will,1.021,0.713,0.249,0.559,0.0,0.614,0.0,0.439
you don’t know,1.001,0.475,0.249,0.559,1.045,1.228,0.0,0.439
class of 2024,2.513,0.713,0.249,0.0,1.045,0.0,0.0,0.399
class of 2025,1.804,0.832,0.166,0.0,0.0,0.0,4.371,0.399
for all your,1.695,0.594,0.415,0.0,0.0,0.0,0.0,0.399
what you do,1.613,0.594,0.415,0.0,0.0,0.0,0.0,0.399
in the united,1.523,0.713,0.249,0.0,1.045,0.0,0.0,0.399
and my family,1.517,0.357,0.581,0.0,0.0,0.0,0.0,0.399
a man of,1.512,0.951,0.166,0.0,0.0,0.0,0.0,0.399
of the american,1.405,0.357,0.498,0.559,0.0,0.0,0.0,0.399
time with my,1.374,0.832,0.249,0.0,0.0,0.0,0.0,0.399
love to laugh,1.354,0.238,0.581,0.0,0.0,0.614,0.0,0.399
where you can,1.262,0.238,0.664,0.0,0.0,0.0,0.0,0.399
in san diego,1.249,0.832,0.083,0.0,1.045,0.614,0.0,0.399
a child of,1.245,0.475,0.249,0.0,0.0,1.843,0.0,0.399
of the new,1.203,0.594,0.415,0.0,0.0,0.0,0.0,0.399
the most important,1.142,0.475,0.415,0.0,0.0,0.614,0.0,0.399
minding my business,1.124,0.0,0.581,0.0,0.0,1.843,0.0,0.399
what you think,1.124,0.238,0.498,0.0,1.045,0.614,0.0,0.399
founder and ceo,1.113,0.475,0.498,0.0,0.0,0.0,0.0,0.399
lord and savior,1.096,0.238,0.415,0.0,0.0,1.843,0.0,0.399
have fun with,1.073,0.238,0.581,0.559,0.0,0.0,0.0,0.399
all streaming platforms,1.06,0.357,0.249,0.0,1.045,1.228,4.371,0.399
i love life,1.052,0.475,0.498,0.0,0.0,0.0,0.0,0.399
the world with,1.051,0.357,0.498,0.0,0.0,0.614,0.0,0.399
like to have,1.03,0.594,0.332,0.559,0.0,0.0,0.0,0.399
to find out,1.029,0.119,0.415,1.676,1.045,0.0,0.0,0.399
husband father brother,1.027,1.07,0.0,0.0,1.045,0.0,0.0,0.399
i can help,1.014,0.594,0.415,0.0,0.0,0.0,0.0,0.399
a regular guy,1.01,1.188,0.0,0.0,0.0,0.0,0.0,0.399
account of the,9.213,0.238,0.249,0.0,1.045,0.614,8.741,0.359
christian husband father,3.297,1.07,0.0,0.0,0.0,0.0,0.0,0.359
follow me and,2.248,0.357,0.249,1.117,0.0,0.614,0.0,0.359
dedicated to the,2.028,0.475,0.249,0.559,0.0,0.0,4.371,0.359
check us out,1.916,0.475,0.249,0.559,0.0,0.0,4.371,0.359
looking for fun,1.811,0.713,0.166,0.559,0.0,0.0,0.0,0.359
the lives of,1.761,0.357,0.415,0.0,0.0,0.0,4.371,0.359
twitter for the,1.704,0.475,0.249,0.559,1.045,0.0,0.0,0.359
with my family,1.526,0.357,0.498,0.0,0.0,0.0,0.0,0.359
of 2 boys,1.46,0.238,0.581,0.0,0.0,0.0,0.0,0.359
utm medium copy,1.378,0.119,0.581,0.0,1.045,0.0,0.0,0.359
i love sports,1.359,0.713,0.166,0.559,0.0,0.0,0.0,0.359
love god love,1.339,0.238,0.498,0.559,0.0,0.0,0.0,0.359
medium copy link,1.295,0.119,0.581,0.0,1.045,0.0,0.0,0.359
dreams come true,1.198,0.238,0.249,0.559,1.045,1.228,0.0,0.359
is a new,1.192,0.238,0.332,1.117,1.045,0.0,0.0,0.359
am here to,1.159,0.357,0.415,0.559,0.0,0.0,0.0,0.359
love to cook,1.157,0.475,0.249,0.0,2.089,0.0,0.0,0.359
life is not,1.148,0.594,0.332,0.0,0.0,0.0,0.0,0.359
to the next,1.128,0.594,0.249,0.0,0.0,0.614,0.0,0.359
a guy that,1.113,0.951,0.083,0.0,0.0,0.0,0.0,0.359
love my kids,1.113,0.238,0.581,0.0,0.0,0.0,0.0,0.359
available on all,1.093,0.594,0.249,0.0,0.0,0.614,0.0,0.359
and everything in,1.084,0.594,0.332,0.0,0.0,0.0,0.0,0.359
the american dream,1.084,0.594,0.332,0.0,0.0,0.0,0.0,0.359
los angeles ca,1.071,0.357,0.332,0.0,0.0,1.228,0.0,0.359
podcast hosted by,1.06,0.475,0.415,0.0,0.0,0.0,0.0,0.359
love god and,1.049,0.357,0.498,0.0,0.0,0.0,0.0,0.359
believe in yourself,1.045,0.594,0.249,0.0,0.0,0.614,0.0,0.359
wife mom grandma,1.04,0.0,0.747,0.0,0.0,0.0,0.0,0.359
way of life,1.019,0.357,0.415,0.559,0.0,0.0,0.0,0.359
the beauty of,1.014,0.119,0.581,0.0,1.045,0.0,0.0,0.359
we are a,10.677,0.119,0.498,0.559,0.0,0.0,0.0,0.319
real estate agent,4.812,0.238,0.498,0.0,0.0,0.0,0.0,0.319
https //www facebook,3.244,0.357,0.332,0.559,0.0,0.0,0.0,0.319
official account for,3.188,0.357,0.166,0.0,2.089,0.614,0.0,0.319
the official account,2.974,0.238,0.249,0.559,1.045,0.0,4.371,0.319
jeremiah 29 11,2.83,0.238,0.415,0.0,1.045,0.0,0.0,0.319
saved by grace,2.388,0.0,0.664,0.0,0.0,0.0,0.0,0.319
live life to,2.323,0.357,0.332,0.559,0.0,0.0,0.0,0.319
spending time with,1.717,0.475,0.332,0.0,0.0,0.0,0.0,0.319
the pursuit of,1.71,0.357,0.415,0.0,0.0,0.0,0.0,0.319
father husband and,1.458,0.951,0.0,0.0,0.0,0.0,0.0,0.319
u s navy,1.445,0.713,0.083,0.0,0.0,0.0,4.371,0.319
proud dad of,1.436,0.832,0.0,0.0,0.0,0.0,4.371,0.319
a group of,1.398,0.475,0.166,0.0,0.0,0.614,4.371,0.319
wife mother and,1.383,0.0,0.664,0.0,0.0,0.0,0.0,0.319
pursuit of happiness,1.359,0.119,0.498,0.0,0.0,0.614,0.0,0.319
what you make,1.328,0.119,0.498,0.0,0.0,0.614,0.0,0.319
https //m youtube,1.253,0.594,0.166,0.0,1.045,0.0,0.0,0.319
years in the,1.231,0.594,0.166,0.559,0.0,0.0,0.0,0.319
youtube com/watch v,1.157,0.357,0.332,0.0,1.045,0.0,0.0,0.319
has to offer,1.15,0.357,0.332,0.559,0.0,0.0,0.0,0.319
learn more about,1.096,0.594,0.166,0.0,1.045,0.0,0.0,0.319
s s s,1.074,0.119,0.415,1.117,0.0,0.0,0.0,0.319
next generation of,1.036,0.357,0.415,0.0,0.0,0.0,0.0,0.319
a m university,1.027,0.357,0.249,1.117,0.0,0.0,0.0,0.319
husband to an,1.021,0.951,0.0,0.0,0.0,0.0,0.0,0.319
psalm 46 5,1.018,0.0,0.581,0.0,0.0,0.614,0.0,0.319
to be with,1.006,0.119,0.415,0.559,0.0,0.614,0.0,0.319
official twitter page,8.737,0.357,0.332,0.0,0.0,0.0,0.0,0.279
philippians 4 13,4.173,0.119,0.498,0.0,0.0,0.0,0.0,0.279
follow us on,3.429,0.238,0.332,0.0,1.045,0.0,0.0,0.279
i love god,2.634,0.0,0.415,0.559,0.0,0.614,0.0,0.279
season ticket holder,2.088,0.357,0.249,0.0,0.0,0.614,0.0,0.279
follow my ig,1.809,0.357,0.332,0.0,0.0,0.0,0.0,0.279
of a kind,1.596,0.119,0.249,0.0,0.0,1.843,0.0,0.279
can do all,1.594,0.238,0.415,0.0,0.0,0.0,0.0,0.279
one of a,1.479,0.119,0.249,0.0,0.0,1.843,0.0,0.279
grace of god,1.468,0.357,0.166,0.0,0.0,1.228,0.0,0.279
can help you,1.322,0.357,0.332,0.0,0.0,0.0,0.0,0.279
to improve the,1.179,0.594,0.166,0.0,0.0,0.0,0.0,0.279
the key to,1.179,0.475,0.083,0.0,0.0,1.228,0.0,0.279
of 3 boys,1.122,0.238,0.415,0.0,0.0,0.0,0.0,0.279
http //www youtube,1.065,0.357,0.332,0.0,0.0,0.0,0.0,0.279
of two beautiful,1.032,0.475,0.166,0.0,0.0,0.614,0.0,0.279
the life you,1.029,0.238,0.415,0.0,0.0,0.0,0.0,0.279
old account got,1.029,0.357,0.249,0.0,0.0,0.614,0.0,0.279
business owner and,1.01,0.0,0.581,0.0,0.0,0.0,0.0,0.279
a difference in,1.01,0.0,0.498,0.559,0.0,0.0,0.0,0.279
not financial advice,5.328,0.119,0.332,0.0,1.045,0.0,0.0,0.239
follow this account,5.163,0.238,0.083,0.0,2.089,0.614,0.0,0.239
is the official,3.234,0.475,0.083,0.559,0.0,0.0,0.0,0.239
love my country,3.091,0.475,0.166,0.0,0.0,0.0,0.0,0.239
husband father son,1.934,0.713,0.0,0.0,0.0,0.0,0.0,0.239
school class of,1.758,0.357,0.249,0.0,0.0,0.0,0.0,0.239
1 of 1,1.741,0.119,0.415,0.0,0.0,0.0,0.0,0.239
my family my,1.482,0.238,0.332,0.0,0.0,0.0,0.0,0.239
john 3 16,1.436,0.238,0.249,0.0,0.0,0.0,4.371,0.239
all of your,1.39,0.357,0.166,0.0,0.0,0.0,4.371,0.239
proud husband and,1.37,0.594,0.0,0.0,1.045,0.0,0.0,0.239
lover of god,1.31,0.119,0.415,0.0,0.0,0.0,0.0,0.239
me with your,1.295,0.238,0.249,0.559,0.0,0.0,0.0,0.239
it is the,1.278,0.357,0.249,0.0,0.0,0.0,0.0,0.239
voice of the,1.24,0.357,0.166,0.0,1.045,0.0,0.0,0.239
love the outdoors,1.216,0.357,0.249,0.0,0.0,0.0,0.0,0.239
family and my,1.183,0.238,0.332,0.0,0.0,0.0,0.0,0.239
is my president,1.148,0.0,0.249,0.559,1.045,0.614,0.0,0.239
avid sports fan,1.108,0.357,0.249,0.0,0.0,0.0,0.0,0.239
dm me with,1.093,0.475,0.166,0.0,0.0,0.0,0.0,0.239
men and women,1.08,0.357,0.166,0.0,0.0,0.614,0.0,0.239
i will follow,1.06,0.357,0.083,0.559,0.0,0.0,4.371,0.239
keep it real,1.06,0.0,0.415,0.559,0.0,0.0,0.0,0.239
and loving life,1.034,0.0,0.415,0.0,1.045,0.0,0.0,0.239
the quality of,1.032,0.475,0.083,0.0,0.0,0.0,4.371,0.239
and father to,1.03,0.713,0.0,0.0,0.0,0.0,0.0,0.239
us navy veteran,1.006,0.475,0.0,1.117,0.0,0.0,0.0,0.239
twitter of the,4.182,0.238,0.166,0.0,0.0,0.614,0.0,0.199
in the heart,2.107,0.357,0.166,0.0,0.0,0.0,0.0,0.199
for more information,2.035,0.0,0.415,0.0,0.0,0.0,0.0,0.199
http //www facebook,1.653,0.238,0.249,0.0,0.0,0.0,0.0,0.199
quality of life,1.636,0.119,0.332,0.0,0.0,0.0,0.0,0.199
do all things,1.618,0.119,0.332,0.0,0.0,0.0,0.0,0.199
the best in,1.51,0.119,0.083,0.0,2.089,0.0,4.371,0.199
is the key,1.383,0.238,0.166,0.0,0.0,0.614,0.0,0.199
all things through,1.324,0.119,0.332,0.0,0.0,0.0,0.0,0.199
the good life,1.08,0.357,0.166,0.0,0.0,0.0,0.0,0.199
for a free,1.014,0.238,0.083,0.0,0.0,1.228,0.0,0.199
great state of,1.003,0.357,0.083,0.559,0.0,0.0,0.0,0.199
twitter page of,5.716,0.119,0.249,0.0,0.0,0.0,0.0,0.16
twitter page for,3.199,0.357,0.083,0.0,0.0,0.0,0.0,0.16
a financial advisor,3.071,0.238,0.166,0.0,0.0,0.0,0.0,0.16
real estate investor,2.535,0.238,0.166,0.0,0.0,0.0,0.0,0.16
501 c 3,2.311,0.119,0.083,0.559,0.0,0.0,4.371,0.16
is one of,2.154,0.238,0.083,0.0,1.045,0.0,0.0,0.16
god is good,2.118,0.475,0.0,0.0,0.0,0.0,0.0,0.16
up to date,1.468,0.119,0.166,0.0,0.0,0.614,0.0,0.16
life is what,1.422,0.119,0.249,0.0,0.0,0.0,0.0,0.16
visit my website,1.328,0.119,0.166,0.559,0.0,0.0,0.0,0.16
a community of,1.322,0.475,0.0,0.0,0.0,0.0,0.0,0.16
st louis cardinals,1.322,0.238,0.083,0.0,0.0,0.614,0.0,0.16
for more than,1.315,0.0,0.249,0.559,0.0,0.0,0.0,0.16
real estate and,1.297,0.238,0.166,0.0,0.0,0.0,0.0,0.16
the home of,1.264,0.238,0.083,0.559,0.0,0.0,0.0,0.16
believe in god,1.236,0.238,0.166,0.0,0.0,0.0,0.0,0.16
we are here,1.21,0.238,0.083,0.559,0.0,0.0,0.0,0.16
love my life,1.188,0.0,0.332,0.0,0.0,0.0,0.0,0.16
joshua 1 9,1.166,0.238,0.166,0.0,0.0,0.0,0.0,0.16
are here to,1.164,0.238,0.166,0.0,0.0,0.0,0.0,0.16
the department of,1.159,0.357,0.083,0.0,0.0,0.0,0.0,0.16
health and wellness,1.109,0.0,0.332,0.0,0.0,0.0,0.0,0.16
of 2 beautiful,1.108,0.119,0.249,0.0,0.0,0.0,0.0,0.16
a mother of,1.076,0.0,0.332,0.0,0.0,0.0,0.0,0.16
me i follow,1.06,0.119,0.249,0.0,0.0,0.0,0.0,0.16
telegram https //t,1.01,0.357,0.083,0.0,0.0,0.0,0.0,0.16
not a financial,3.244,0.119,0.166,0.0,0.0,0.0,0.0,0.12
real estate broker,2.856,0.119,0.166,0.0,0.0,0.0,0.0,0.12
official twitter feed,2.579,0.238,0.0,0.559,0.0,0.0,0.0,0.12
track and field,2.143,0.357,0.0,0.0,0.0,0.0,0.0,0.12
to the official,1.888,0.0,0.166,0.0,0.0,0.0,4.371,0.12
the most high,1.844,0.238,0.083,0.0,0.0,0.0,0.0,0.12
high school class,1.719,0.238,0.083,0.0,0.0,0.0,0.0,0.12
father son brother,1.4,0.357,0.0,0.0,0.0,0.0,0.0,0.12
over 30 years,1.387,0.119,0.166,0.0,0.0,0.0,0.0,0.12
work hard play,1.322,0.119,0.166,0.0,0.0,0.0,0.0,0.12
united states of,1.31,0.119,0.166,0.0,0.0,0.0,0.0,0.12
phil 4 13,1.286,0.0,0.249,0.0,0.0,0.0,0.0,0.12
over 20 years,1.238,0.238,0.083,0.0,0.0,0.0,0.0,0.12
from around the,1.234,0.119,0.166,0.0,0.0,0.0,0.0,0.12
states of america,1.199,0.238,0.083,0.0,0.0,0.0,0.0,0.12
twitter feed for,1.161,0.238,0.0,0.559,0.0,0.0,0.0,0.12
love to have,1.13,0.238,0.083,0.0,0.0,0.0,0.0,0.12
is the future,1.109,0.119,0.083,0.559,0.0,0.0,0.0,0.12
love the lord,1.106,0.238,0.083,0.0,0.0,0.0,0.0,0.12
is an independent,1.104,0.119,0.0,0.559,0.0,0.614,0.0,0.12
my country and,1.1,0.357,0.0,0.0,0.0,0.0,0.0,0.12
in the country,1.076,0.119,0.166,0.0,0.0,0.0,0.0,0.12
of the king,1.069,0.0,0.249,0.0,0.0,0.0,0.0,0.12
for the city,1.012,0.0,0.249,0.0,0.0,0.0,0.0,0.12
freedom of speech,1.008,0.238,0.0,0.559,0.0,0.0,0.0,0.12
we the people,1.005,0.357,0.0,0.0,0.0,0.0,0.0,0.12
mission is to,6.057,0.0,0.083,0.559,0.0,0.0,0.0,0.08
is dedicated to,2.847,0.119,0.083,0.0,0.0,0.0,0.0,0.08
not investment advice,1.98,0.238,0.0,0.0,0.0,0.0,0.0,0.08
owned and operated,1.859,0.0,0.166,0.0,0.0,0.0,0.0,0.08
we specialize in,1.835,0.0,0.166,0.0,0.0,0.0,0.0,0.08
commercial real estate,1.807,0.119,0.083,0.0,0.0,0.0,0.0,0.08
located in the,1.714,0.119,0.083,0.0,0.0,0.0,0.0,0.08
christ follower husband,1.46,0.238,0.0,0.0,0.0,0.0,0.0,0.08
high school sports,1.392,0.238,0.0,0.0,0.0,0.0,0.0,0.08
family friends and,1.267,0.0,0.166,0.0,0.0,0.0,0.0,0.08
love god my,1.26,0.0,0.083,0.0,0.0,0.614,0.0,0.08
glory to god,1.201,0.238,0.0,0.0,0.0,0.0,0.0,0.08
things through christ,1.164,0.0,0.166,0.0,0.0,0.0,0.0,0.08
god my family,1.128,0.0,0.083,0.0,0.0,0.614,0.0,0.08
proverbs 3 5-6,1.098,0.0,0.166,0.0,0.0,0.0,0.0,0.08
de coraz n,1.091,0.119,0.0,0.0,1.045,0.0,0.0,0.08
are not financial,1.029,0.119,0.083,0.0,0.0,0.0,0.0,0.08
god is great,1.016,0.119,0.083,0.0,0.0,0.0,0.0,0.08
page of the,3.394,0.0,0.083,0.0,0.0,0.0,0.0,0.04
your source for,3.043,0.0,0.083,0.0,0.0,0.0,0.0,0.04
god family country,2.208,0.119,0.0,0.0,0.0,0.0,0.0,0.04
she / her,2.12,0.119,0.0,0.0,0.0,0.0,0.0,0.04
source for all,2.05,0.119,0.0,0.0,0.0,0.0,0.0,0.04
do your own,1.798,0.119,0.0,0.0,0.0,0.0,0.0,0.04
twitter feed of,1.704,0.0,0.083,0.0,0.0,0.0,0.0,0.04
for the latest,1.6,0.0,0.083,0.0,0.0,0.0,0.0,0.04
us on instagram,1.572,0.0,0.083,0.0,0.0,0.0,0.0,0.04
real estate professional,1.534,0.0,0.083,0.0,0.0,0.0,0.0,0.04
back the blue,1.528,0.0,0.083,0.0,0.0,0.0,0.0,0.04
man of god,1.433,0.119,0.0,0.0,0.0,0.0,0.0,0.04
amante de la,1.286,0.0,0.083,0.0,0.0,0.0,0.0,0.04
1st team all,1.28,0.119,0.0,0.0,0.0,0.0,0.0,0.04
is to help,1.256,0.0,0.083,0.0,0.0,0.0,0.0,0.04
blessed to be,1.243,0.0,0.083,0.0,0.0,0.0,0.0,0.04
de la vida,1.216,0.0,0.083,0.0,0.0,0.0,0.0,0.04
live love laugh,1.21,0.119,0.0,0.0,0.0,0.0,0.0,0.04
love god family,1.186,0.0,0.083,0.0,0.0,0.0,0.0,0.04
jesus is my,1.186,0.119,0.0,0.0,0.0,0.0,0.0,0.04
and real estate,1.181,0.0,0.083,0.0,0.0,0.0,0.0,0.04
a 501 c,1.179,0.119,0.0,0.0,0.0,0.0,0.0,0.04
high school in,1.159,0.0,0.083,0.0,0.0,0.0,0.0,0.04
county high school,1.074,0.0,0.083,0.0,0.0,0.0,0.0,0.04
https //music apple,1.043,0.119,0.0,0.0,0.0,0.0,0.0,0.04
need help tweet,4.976,0.0,0.0,0.0,0.0,0.0,0.0,0.0
help tweet us,4.961,0.0,0.0,0.0,0.0,0.0,0.0,0.0
tweet us at,4.952,0.0,0.0,0.0,0.0,0.0,0.0,0.0
account for geo-targeted,4.939,0.0,0.0,0.0,0.0,0.0,0.0,0.0
job tweets in,4.939,0.0,0.0,0.0,0.0,0.0,0.0,0.0
us at careerarc,4.935,0.0,0.0,0.0,0.0,0.0,0.0,0.0
our mission is,4.142,0.0,0.0,0.0,0.0,0.0,0.0,0.0
follow us for,3.087,0.0,0.0,0.0,0.0,0.0,0.0,0.0
head football coach,2.786,0.0,0.0,0.0,0.0,0.0,0.0,0.0
god bless america,2.377,0.0,0.0,0.0,0.0,0.0,0.0,0.0
4 0 gpa,2.367,0.0,0.0,0.0,0.0,0.0,0.0,0.0
high school football,2.36,0.0,0.0,0.0,0.0,0.0,0.0,0.0
your cash app,2.316,0.0,0.0,0.0,0.0,0.0,0.0,0.0
official page of,2.283,0.0,0.0,0.0,0.0,0.0,0.0,0.0
not monitored 24/7,2.206,0.0,0.0,0.0,0.0,0.0,0.0,0.0
http //www hudl,2.153,0.0,0.0,0.0,0.0,0.0,0.0,0.0
he / him,1.919,0.0,0.0,0.0,0.0,0.0,0.0,0.0
visit our website,1.851,0.0,0.0,0.0,0.0,0.0,0.0,0.0
basketball coach at,1.778,0.0,0.0,0.0,0.0,0.0,0.0,0.0
god family and,1.761,0.0,0.0,0.0,0.0,0.0,0.0,0.0
page for the,1.732,0.0,0.0,0.0,0.0,0.0,0.0,0.0
events and more,1.703,0.0,0.0,0.0,0.0,0.0,0.0,0.0
the latest news,1.67,0.0,0.0,0.0,0.0,0.0,0.0,0.0
we are an,1.636,0.0,0.0,0.0,0.0,0.0,0.0,0.0
a full service,1.572,0.0,0.0,0.0,0.0,0.0,0.0,0.0
is a non-profit,1.513,0.0,0.0,0.0,0.0,0.0,0.0,0.0
3 5 gpa,1.499,0.0,0.0,0.0,0.0,0.0,0.0,0.0
cash app account,1.497,0.0,0.0,0.0,0.0,0.0,0.0,0.0
to your cash,1.493,0.0,0.0,0.0,0.0,0.0,0.0,0.0
news alerts events,1.468,0.0,0.0,0.0,0.0,0.0,0.0,0.0
alerts events and,1.468,0.0,0.0,0.0,0.0,0.0,0.0,0.0
father of 5,1.451,0.0,0.0,0.0,0.0,0.0,0.0,0.0
us on facebook,1.447,0.0,0.0,0.0,0.0,0.0,0.0,0.0
your real estate,1.447,0.0,0.0,0.0,0.0,0.0,0.0,0.0
local news alerts,1.442,0.0,0.0,0.0,0.0,0.0,0.0,0.0
is to provide,1.392,0.0,0.0,0.0,0.0,0.0,0.0,0.0
3 8 gpa,1.39,0.0,0.0,0.0,0.0,0.0,0.0,0.0
don’t be late,1.341,0.0,0.0,0.0,0.0,0.0,0.0,0.0
is a leading,1.341,0.0,0.0,0.0,0.0,0.0,0.0,0.0
is committed to,1.315,0.0,0.0,0.0,0.0,0.0,0.0,0.0
is not monitored,1.313,0.0,0.0,0.0,0.0,0.0,0.0,0.0
the official page,1.311,0.0,0.0,0.0,0.0,0.0,0.0,0.0
non-metro need help,1.306,0.0,0.0,0.0,0.0,0.0,0.0,0.0
in real estate,1.299,0.0,0.0,0.0,0.0,0.0,0.0,0.0
and surrounding areas,1.293,0.0,0.0,0.0,0.0,0.0,0.0,0.0
real estate needs,1.278,0.0,0.0,0.0,0.0,0.0,0.0,0.0
high school baseball,1.245,0.0,0.0,0.0,0.0,0.0,0.0,0.0
our goal is,1.245,0.0,0.0,0.0,0.0,0.0,0.0,0.0
of christ husband,1.243,0.0,0.0,0.0,0.0,0.0,0.0,0.0
organization dedicated to,1.236,0.0,0.0,0.0,0.0,0.0,0.0,0.0
high school c/o,1.232,0.0,0.0,0.0,0.0,0.0,0.0,0.0
and more we’re,1.199,0.0,0.0,0.0,0.0,0.0,0.0,0.0
the mission of,1.198,0.0,0.0,0.0,0.0,0.0,0.0,0.0
more we’re your,1.196,0.0,0.0,0.0,0.0,0.0,0.0,0.0
we’re your source,1.196,0.0,0.0,0.0,0.0,0.0,0.0,0.0
is a nonprofit,1.186,0.0,0.0,0.0,0.0,0.0,0.0,0.0
football coach at,1.183,0.0,0.0,0.0,0.0,0.0,0.0,0.0
3 7 gpa,1.159,0.0,0.0,0.0,0.0,0.0,0.0,0.0
a real estate,1.13,0.0,0.0,0.0,0.0,0.0,0.0,0.0
3 0 gpa,1.087,0.0,0.0,0.0,0.0,0.0,0.0,0.0
high school athletics,1.067,0.0,0.0,0.0,0.0,0.0,0.0,0.0
head baseball coach,1.043,0.0,0.0,0.0,0.0,0.0,0.0,0.0
dedicated to providing,1.027,0.0,0.0,0.0,0.0,0.0,0.0,0.0
securities offered through,1.027,0.0,0.0,0.0,0.0,0.0,0.0,0.0
is the leading,1.019,0.0,0.0,0.0,0.0,0.0,0.0,0.0
god bless the,1.008,0.0,0.0,0.0,0.0,0.0,0.0,0.0
account don’t be,1.003,0.0,0.0,0.0,0.0,0.0,0.0,0.0
crypto and nft,1.003,0.0,0.0,0.0,0.0,0.0,0.0,0.0
